"speciesId","name","stage","stageZh","prompt"
"zhulong","烛龙","egg","灵胎初醒","烛龙 的 灵胎初醒 阶段。外形：烛火微光。系列：山海经。阶段基调：灵胎初醒，#4A3A2A 主色、#C4A672 辅色，渺小、独行、破败背景，必有孤灯/破庙。风格：儿童友好的 2.5D 卡通渲染，柔和渐变背景，居中全身像，正面 3/4 视角，无文字。画布：800×1000 竖版，角色主体占 60% 居中偏下。"
"zhulong","烛龙","baby","凡尘砺心","烛龙 的 凡尘砺心 阶段。外形：衔烛之苗。系列：山海经。阶段基调：凡尘砺心，#5B6B7A 主色、#8A9BA8 辅色，行路、风雨、远山，必有雨/风。风格：儿童友好的 2.5D 卡通渲染，柔和渐变背景，居中全身像，正面 3/4 视角，无文字。画布：800×1000 竖版，角色主体占 60% 居中偏下。"
"zhulong","烛龙","growing","道法初成","烛龙 的 道法初成 阶段。外形：衔烛而行。系列：山海经。阶段基调：道法初成，#C44B2A 主色、#E8B84B 辅色，光芒初绽、首胜、昂首，必有光芒/法器。风格：儿童友好的 2.5D 卡通渲染，柔和渐变背景，居中全身像，正面 3/4 视角，无文字。画布：800×1000 竖版，角色主体占 60% 居中偏下。"
"zhulong","烛龙","mature","大劫淬炼","烛龙 的 大劫淬炼 阶段。外形：昼夜使者。系列：山海经。阶段基调：大劫淬炼，#1A0A0A 主色、#8B1A1A 辅色，碎裂、坠落、血与火，必有火焰/裂痕。风格：儿童友好的 2.5D 卡通渲染，柔和渐变背景，居中全身像，正面 3/4 视角，无文字。画布：800×1000 竖版，角色主体占 60% 居中偏下。"
"zhulong","烛龙","legendary","封神登天","烛龙 的 封神登天 阶段。外形：烛龙巡天。系列：山海经。阶段基调：封神登天，#5B2A8A 主色、#F5D742 辅色，冠冕、宝座、万众仰视，必有冠冕/神位。风格：儿童友好的 2.5D 卡通渲染，柔和渐变背景，居中全身像，正面 3/4 视角，无文字。画布：800×1000 竖版，角色主体占 60% 居中偏下。"
"zhulong","烛龙","transcendent","归真永恒","烛龙 的 归真永恒 阶段。外形：开目为昼。系列：山海经。阶段基调：归真永恒，#F5F0E8 主色、#8A9BA8 辅色，清风、青山、无我之相，必有山水/清风。风格：儿童友好的 2.5D 卡通渲染，柔和渐变背景，居中全身像，正面 3/4 视角，无文字。画布：800×1000 竖版，角色主体占 60% 居中偏下。"
"yinglong","应龙","egg","灵胎初醒","应龙 的 灵胎初醒 阶段。外形：虺卵。系列：山海经。阶段基调：灵胎初醒，#4A3A2A 主色、#C4A672 辅色，渺小、独行、破败背景，必有孤灯/破庙。风格：儿童友好的 2.5D 卡通渲染，柔和渐变背景，居中全身像，正面 3/4 视角，无文字。画布：800×1000 竖版，角色主体占 60% 居中偏下。"
"yinglong","应龙","baby","凡尘砺心","应龙 的 凡尘砺心 阶段。外形：虺行。系列：山海经。阶段基调：凡尘砺心，#5B6B7A 主色、#8A9BA8 辅色，行路、风雨、远山，必有雨/风。风格：儿童友好的 2.5D 卡通渲染，柔和渐变背景，居中全身像，正面 3/4 视角，无文字。画布：800×1000 竖版，角色主体占 60% 居中偏下。"
"yinglong","应龙","growing","道法初成","应龙 的 道法初成 阶段。外形：蛟龙。系列：山海经。阶段基调：道法初成，#C44B2A 主色、#E8B84B 辅色，光芒初绽、首胜、昂首，必有光芒/法器。风格：儿童友好的 2.5D 卡通渲染，柔和渐变背景，居中全身像，正面 3/4 视角，无文字。画布：800×1000 竖版，角色主体占 60% 居中偏下。"
"yinglong","应龙","mature","大劫淬炼","应龙 的 大劫淬炼 阶段。外形：应龙雏形。系列：山海经。阶段基调：大劫淬炼，#1A0A0A 主色、#8B1A1A 辅色，碎裂、坠落、血与火，必有火焰/裂痕。风格：儿童友好的 2.5D 卡通渲染，柔和渐变背景，居中全身像，正面 3/4 视角，无文字。画布：800×1000 竖版，角色主体占 60% 居中偏下。"
"yinglong","应龙","legendary","封神登天","应龙 的 封神登天 阶段。外形：战龙。系列：山海经。阶段基调：封神登天，#5B2A8A 主色、#F5D742 辅色，冠冕、宝座、万众仰视，必有冠冕/神位。风格：儿童友好的 2.5D 卡通渲染，柔和渐变背景，居中全身像，正面 3/4 视角，无文字。画布：800×1000 竖版，角色主体占 60% 居中偏下。"
"yinglong","应龙","transcendent","归真永恒","应龙 的 归真永恒 阶段。外形：神龙降世。系列：山海经。阶段基调：归真永恒，#F5F0E8 主色、#8A9BA8 辅色，清风、青山、无我之相，必有山水/清风。风格：儿童友好的 2.5D 卡通渲染，柔和渐变背景，居中全身像，正面 3/4 视角，无文字。画布：800×1000 竖版，角色主体占 60% 居中偏下。"
"nine_tail_fox","九尾狐","egg","灵胎初醒","九尾狐 的 灵胎初醒 阶段。外形：灵狐蛋。系列：山海经。阶段基调：灵胎初醒，#4A3A2A 主色、#C4A672 辅色，渺小、独行、破败背景，必有孤灯/破庙。风格：儿童友好的 2.5D 卡通渲染，柔和渐变背景，居中全身像，正面 3/4 视角，无文字。画布：800×1000 竖版，角色主体占 60% 居中偏下。"
"nine_tail_fox","九尾狐","baby","凡尘砺心","九尾狐 的 凡尘砺心 阶段。外形：白狐。系列：山海经。阶段基调：凡尘砺心，#5B6B7A 主色、#8A9BA8 辅色，行路、风雨、远山，必有雨/风。风格：儿童友好的 2.5D 卡通渲染，柔和渐变背景，居中全身像，正面 3/4 视角，无文字。画布：800×1000 竖版，角色主体占 60% 居中偏下。"
"nine_tail_fox","九尾狐","growing","道法初成","九尾狐 的 道法初成 阶段。外形：三尾灵狐。系列：山海经。阶段基调：道法初成，#C44B2A 主色、#E8B84B 辅色，光芒初绽、首胜、昂首，必有光芒/法器。风格：儿童友好的 2.5D 卡通渲染，柔和渐变背景，居中全身像，正面 3/4 视角，无文字。画布：800×1000 竖版，角色主体占 60% 居中偏下。"
"nine_tail_fox","九尾狐","mature","大劫淬炼","九尾狐 的 大劫淬炼 阶段。外形：五尾。系列：山海经。阶段基调：大劫淬炼，#1A0A0A 主色、#8B1A1A 辅色，碎裂、坠落、血与火，必有火焰/裂痕。风格：儿童友好的 2.5D 卡通渲染，柔和渐变背景，居中全身像，正面 3/4 视角，无文字。画布：800×1000 竖版，角色主体占 60% 居中偏下。"
"nine_tail_fox","九尾狐","legendary","封神登天","九尾狐 的 封神登天 阶段。外形：七尾。系列：山海经。阶段基调：封神登天，#5B2A8A 主色、#F5D742 辅色，冠冕、宝座、万众仰视，必有冠冕/神位。风格：儿童友好的 2.5D 卡通渲染，柔和渐变背景，居中全身像，正面 3/4 视角，无文字。画布：800×1000 竖版，角色主体占 60% 居中偏下。"
"nine_tail_fox","九尾狐","transcendent","归真永恒","九尾狐 的 归真永恒 阶段。外形：九尾天狐。系列：山海经。阶段基调：归真永恒，#F5F0E8 主色、#8A9BA8 辅色，清风、青山、无我之相，必有山水/清风。风格：儿童友好的 2.5D 卡通渲染，柔和渐变背景，居中全身像，正面 3/4 视角，无文字。画布：800×1000 竖版，角色主体占 60% 居中偏下。"
"kunpeng","鲲鹏","egg","灵胎初醒","鲲鹏 的 灵胎初醒 阶段。外形：鲲苗。系列：山海经。阶段基调：灵胎初醒，#4A3A2A 主色、#C4A672 辅色，渺小、独行、破败背景，必有孤灯/破庙。风格：儿童友好的 2.5D 卡通渲染，柔和渐变背景，居中全身像，正面 3/4 视角，无文字。画布：800×1000 竖版，角色主体占 60% 居中偏下。"
"kunpeng","鲲鹏","baby","凡尘砺心","鲲鹏 的 凡尘砺心 阶段。外形：巨鲲。系列：山海经。阶段基调：凡尘砺心，#5B6B7A 主色、#8A9BA8 辅色，行路、风雨、远山，必有雨/风。风格：儿童友好的 2.5D 卡通渲染，柔和渐变背景，居中全身像，正面 3/4 视角，无文字。画布：800×1000 竖版，角色主体占 60% 居中偏下。"
"kunpeng","鲲鹏","growing","道法初成","鲲鹏 的 道法初成 阶段。外形：化鲲。系列：山海经。阶段基调：道法初成，#C44B2A 主色、#E8B84B 辅色，光芒初绽、首胜、昂首，必有光芒/法器。风格：儿童友好的 2.5D 卡通渲染，柔和渐变背景，居中全身像，正面 3/4 视角，无文字。画布：800×1000 竖版，角色主体占 60% 居中偏下。"
"kunpeng","鲲鹏","mature","大劫淬炼","鲲鹏 的 大劫淬炼 阶段。外形：鹏雏。系列：山海经。阶段基调：大劫淬炼，#1A0A0A 主色、#8B1A1A 辅色，碎裂、坠落、血与火，必有火焰/裂痕。风格：儿童友好的 2.5D 卡通渲染，柔和渐变背景，居中全身像，正面 3/4 视角，无文字。画布：800×1000 竖版，角色主体占 60% 居中偏下。"
"kunpeng","鲲鹏","legendary","封神登天","鲲鹏 的 封神登天 阶段。外形：鲲鹏。系列：山海经。阶段基调：封神登天，#5B2A8A 主色、#F5D742 辅色，冠冕、宝座、万众仰视，必有冠冕/神位。风格：儿童友好的 2.5D 卡通渲染，柔和渐变背景，居中全身像，正面 3/4 视角，无文字。画布：800×1000 竖版，角色主体占 60% 居中偏下。"
"kunpeng","鲲鹏","transcendent","归真永恒","鲲鹏 的 归真永恒 阶段。外形：北冥之主。系列：山海经。阶段基调：归真永恒，#F5F0E8 主色、#8A9BA8 辅色，清风、青山、无我之相，必有山水/清风。风格：儿童友好的 2.5D 卡通渲染，柔和渐变背景，居中全身像，正面 3/4 视角，无文字。画布：800×1000 竖版，角色主体占 60% 居中偏下。"
"fenghuang","凤凰","egg","灵胎初醒","凤凰 的 灵胎初醒 阶段。外形：火羽蛋。系列：山海经。阶段基调：灵胎初醒，#4A3A2A 主色、#C4A672 辅色，渺小、独行、破败背景，必有孤灯/破庙。风格：儿童友好的 2.5D 卡通渲染，柔和渐变背景，居中全身像，正面 3/4 视角，无文字。画布：800×1000 竖版，角色主体占 60% 居中偏下。"
"fenghuang","凤凰","baby","凡尘砺心","凤凰 的 凡尘砺心 阶段。外形：幼凤。系列：山海经。阶段基调：凡尘砺心，#5B6B7A 主色、#8A9BA8 辅色，行路、风雨、远山，必有雨/风。风格：儿童友好的 2.5D 卡通渲染，柔和渐变背景，居中全身像，正面 3/4 视角，无文字。画布：800×1000 竖版，角色主体占 60% 居中偏下。"
"fenghuang","凤凰","growing","道法初成","凤凰 的 道法初成 阶段。外形：赤凤。系列：山海经。阶段基调：道法初成，#C44B2A 主色、#E8B84B 辅色，光芒初绽、首胜、昂首，必有光芒/法器。风格：儿童友好的 2.5D 卡通渲染，柔和渐变背景，居中全身像，正面 3/4 视角，无文字。画布：800×1000 竖版，角色主体占 60% 居中偏下。"
"fenghuang","凤凰","mature","大劫淬炼","凤凰 的 大劫淬炼 阶段。外形：凤雏。系列：山海经。阶段基调：大劫淬炼，#1A0A0A 主色、#8B1A1A 辅色，碎裂、坠落、血与火，必有火焰/裂痕。风格：儿童友好的 2.5D 卡通渲染，柔和渐变背景，居中全身像，正面 3/4 视角，无文字。画布：800×1000 竖版，角色主体占 60% 居中偏下。"
"fenghuang","凤凰","legendary","封神登天","凤凰 的 封神登天 阶段。外形：神凤。系列：山海经。阶段基调：封神登天，#5B2A8A 主色、#F5D742 辅色，冠冕、宝座、万众仰视，必有冠冕/神位。风格：儿童友好的 2.5D 卡通渲染，柔和渐变背景，居中全身像，正面 3/4 视角，无文字。画布：800×1000 竖版，角色主体占 60% 居中偏下。"
"fenghuang","凤凰","transcendent","归真永恒","凤凰 的 归真永恒 阶段。外形：涅槃之凤。系列：山海经。阶段基调：归真永恒，#F5F0E8 主色、#8A9BA8 辅色，清风、青山、无我之相，必有山水/清风。风格：儿童友好的 2.5D 卡通渲染，柔和渐变背景，居中全身像，正面 3/4 视角，无文字。画布：800×1000 竖版，角色主体占 60% 居中偏下。"
"qilin","麒麟","egg","灵胎初醒","麒麟 的 灵胎初醒 阶段。外形：瑞兽玉。系列：山海经。阶段基调：灵胎初醒，#4A3A2A 主色、#C4A672 辅色，渺小、独行、破败背景，必有孤灯/破庙。风格：儿童友好的 2.5D 卡通渲染，柔和渐变背景，居中全身像，正面 3/4 视角，无文字。画布：800×1000 竖版，角色主体占 60% 居中偏下。"
"qilin","麒麟","baby","凡尘砺心","麒麟 的 凡尘砺心 阶段。外形：幼麟。系列：山海经。阶段基调：凡尘砺心，#5B6B7A 主色、#8A9BA8 辅色，行路、风雨、远山，必有雨/风。风格：儿童友好的 2.5D 卡通渲染，柔和渐变背景，居中全身像，正面 3/4 视角，无文字。画布：800×1000 竖版，角色主体占 60% 居中偏下。"
"qilin","麒麟","growing","道法初成","麒麟 的 道法初成 阶段。外形：仁兽。系列：山海经。阶段基调：道法初成，#C44B2A 主色、#E8B84B 辅色，光芒初绽、首胜、昂首，必有光芒/法器。风格：儿童友好的 2.5D 卡通渲染，柔和渐变背景，居中全身像，正面 3/4 视角，无文字。画布：800×1000 竖版，角色主体占 60% 居中偏下。"
"qilin","麒麟","mature","大劫淬炼","麒麟 的 大劫淬炼 阶段。外形：踏火麒麟。系列：山海经。阶段基调：大劫淬炼，#1A0A0A 主色、#8B1A1A 辅色，碎裂、坠落、血与火，必有火焰/裂痕。风格：儿童友好的 2.5D 卡通渲染，柔和渐变背景，居中全身像，正面 3/4 视角，无文字。画布：800×1000 竖版，角色主体占 60% 居中偏下。"
"qilin","麒麟","legendary","封神登天","麒麟 的 封神登天 阶段。外形：天麟。系列：山海经。阶段基调：封神登天，#5B2A8A 主色、#F5D742 辅色，冠冕、宝座、万众仰视，必有冠冕/神位。风格：儿童友好的 2.5D 卡通渲染，柔和渐变背景，居中全身像，正面 3/4 视角，无文字。画布：800×1000 竖版，角色主体占 60% 居中偏下。"
"qilin","麒麟","transcendent","归真永恒","麒麟 的 归真永恒 阶段。外形：万瑞之祖。系列：山海经。阶段基调：归真永恒，#F5F0E8 主色、#8A9BA8 辅色，清风、青山、无我之相，必有山水/清风。风格：儿童友好的 2.5D 卡通渲染，柔和渐变背景，居中全身像，正面 3/4 视角，无文字。画布：800×1000 竖版，角色主体占 60% 居中偏下。"
"qiongqi","穷奇","egg","灵胎初醒","穷奇 的 灵胎初醒 阶段。外形：凶兽卵。系列：山海经。阶段基调：灵胎初醒，#4A3A2A 主色、#C4A672 辅色，渺小、独行、破败背景，必有孤灯/破庙。风格：儿童友好的 2.5D 卡通渲染，柔和渐变背景，居中全身像，正面 3/4 视角，无文字。画布：800×1000 竖版，角色主体占 60% 居中偏下。"
"qiongqi","穷奇","baby","凡尘砺心","穷奇 的 凡尘砺心 阶段。外形：虎翼兽。系列：山海经。阶段基调：凡尘砺心，#5B6B7A 主色、#8A9BA8 辅色，行路、风雨、远山，必有雨/风。风格：儿童友好的 2.5D 卡通渲染，柔和渐变背景，居中全身像，正面 3/4 视角，无文字。画布：800×1000 竖版，角色主体占 60% 居中偏下。"
"qiongqi","穷奇","growing","道法初成","穷奇 的 道法初成 阶段。外形：翼虎。系列：山海经。阶段基调：道法初成，#C44B2A 主色、#E8B84B 辅色，光芒初绽、首胜、昂首，必有光芒/法器。风格：儿童友好的 2.5D 卡通渲染，柔和渐变背景，居中全身像，正面 3/4 视角，无文字。画布：800×1000 竖版，角色主体占 60% 居中偏下。"
"qiongqi","穷奇","mature","大劫淬炼","穷奇 的 大劫淬炼 阶段。外形：穷奇·残暴。系列：山海经。阶段基调：大劫淬炼，#1A0A0A 主色、#8B1A1A 辅色，碎裂、坠落、血与火，必有火焰/裂痕。风格：儿童友好的 2.5D 卡通渲染，柔和渐变背景，居中全身像，正面 3/4 视角，无文字。画布：800×1000 竖版，角色主体占 60% 居中偏下。"
"qiongqi","穷奇","legendary","封神登天","穷奇 的 封神登天 阶段。外形：穷奇·噬恶。系列：山海经。阶段基调：封神登天，#5B2A8A 主色、#F5D742 辅色，冠冕、宝座、万众仰视，必有冠冕/神位。风格：儿童友好的 2.5D 卡通渲染，柔和渐变背景，居中全身像，正面 3/4 视角，无文字。画布：800×1000 竖版，角色主体占 60% 居中偏下。"
"qiongqi","穷奇","transcendent","归真永恒","穷奇 的 归真永恒 阶段。外形：四凶之穷奇。系列：山海经。阶段基调：归真永恒，#F5F0E8 主色、#8A9BA8 辅色，清风、青山、无我之相，必有山水/清风。风格：儿童友好的 2.5D 卡通渲染，柔和渐变背景，居中全身像，正面 3/4 视角，无文字。画布：800×1000 竖版，角色主体占 60% 居中偏下。"
"bifang","毕方","egg","灵胎初醒","毕方 的 灵胎初醒 阶段。外形：毕方卵。系列：山海经。阶段基调：灵胎初醒，#4A3A2A 主色、#C4A672 辅色，渺小、独行、破败背景，必有孤灯/破庙。风格：儿童友好的 2.5D 卡通渲染，柔和渐变背景，居中全身像，正面 3/4 视角，无文字。画布：800×1000 竖版，角色主体占 60% 居中偏下。"
"bifang","毕方","baby","凡尘砺心","毕方 的 凡尘砺心 阶段。外形：一足鸟。系列：山海经。阶段基调：凡尘砺心，#5B6B7A 主色、#8A9BA8 辅色，行路、风雨、远山，必有雨/风。风格：儿童友好的 2.5D 卡通渲染，柔和渐变背景，居中全身像，正面 3/4 视角，无文字。画布：800×1000 竖版，角色主体占 60% 居中偏下。"
"bifang","毕方","growing","道法初成","毕方 的 道法初成 阶段。外形：青鸟。系列：山海经。阶段基调：道法初成，#C44B2A 主色、#E8B84B 辅色，光芒初绽、首胜、昂首，必有光芒/法器。风格：儿童友好的 2.5D 卡通渲染，柔和渐变背景，居中全身像，正面 3/4 视角，无文字。画布：800×1000 竖版，角色主体占 60% 居中偏下。"
"bifang","毕方","mature","大劫淬炼","毕方 的 大劫淬炼 阶段。外形：毕方·衔火。系列：山海经。阶段基调：大劫淬炼，#1A0A0A 主色、#8B1A1A 辅色，碎裂、坠落、血与火，必有火焰/裂痕。风格：儿童友好的 2.5D 卡通渲染，柔和渐变背景，居中全身像，正面 3/4 视角，无文字。画布：800×1000 竖版，角色主体占 60% 居中偏下。"
"bifang","毕方","legendary","封神登天","毕方 的 封神登天 阶段。外形：毕方·焚风。系列：山海经。阶段基调：封神登天，#5B2A8A 主色、#F5D742 辅色，冠冕、宝座、万众仰视，必有冠冕/神位。风格：儿童友好的 2.5D 卡通渲染，柔和渐变背景，居中全身像，正面 3/4 视角，无文字。画布：800×1000 竖版，角色主体占 60% 居中偏下。"
"bifang","毕方","transcendent","归真永恒","毕方 的 归真永恒 阶段。外形：毕方神鸟。系列：山海经。阶段基调：归真永恒，#F5F0E8 主色、#8A9BA8 辅色，清风、青山、无我之相，必有山水/清风。风格：儿童友好的 2.5D 卡通渲染，柔和渐变背景，居中全身像，正面 3/4 视角，无文字。画布：800×1000 竖版，角色主体占 60% 居中偏下。"
"pixiu","貔貅","egg","灵胎初醒","貔貅 的 灵胎初醒 阶段。外形：貔貅玉。系列：山海经。阶段基调：灵胎初醒，#4A3A2A 主色、#C4A672 辅色，渺小、独行、破败背景，必有孤灯/破庙。风格：儿童友好的 2.5D 卡通渲染，柔和渐变背景，居中全身像，正面 3/4 视角，无文字。画布：800×1000 竖版，角色主体占 60% 居中偏下。"
"pixiu","貔貅","baby","凡尘砺心","貔貅 的 凡尘砺心 阶段。外形：貔貅雏形。系列：山海经。阶段基调：凡尘砺心，#5B6B7A 主色、#8A9BA8 辅色，行路、风雨、远山，必有雨/风。风格：儿童友好的 2.5D 卡通渲染，柔和渐变背景，居中全身像，正面 3/4 视角，无文字。画布：800×1000 竖版，角色主体占 60% 居中偏下。"
"pixiu","貔貅","growing","道法初成","貔貅 的 道法初成 阶段。外形：貔貅·纳财。系列：山海经。阶段基调：道法初成，#C44B2A 主色、#E8B84B 辅色，光芒初绽、首胜、昂首，必有光芒/法器。风格：儿童友好的 2.5D 卡通渲染，柔和渐变背景，居中全身像，正面 3/4 视角，无文字。画布：800×1000 竖版，角色主体占 60% 居中偏下。"
"pixiu","貔貅","mature","大劫淬炼","貔貅 的 大劫淬炼 阶段。外形：貔貅·镇宅。系列：山海经。阶段基调：大劫淬炼，#1A0A0A 主色、#8B1A1A 辅色，碎裂、坠落、血与火，必有火焰/裂痕。风格：儿童友好的 2.5D 卡通渲染，柔和渐变背景，居中全身像，正面 3/4 视角，无文字。画布：800×1000 竖版，角色主体占 60% 居中偏下。"
"pixiu","貔貅","legendary","封神登天","貔貅 的 封神登天 阶段。外形：貔貅·吞金。系列：山海经。阶段基调：封神登天，#5B2A8A 主色、#F5D742 辅色，冠冕、宝座、万众仰视，必有冠冕/神位。风格：儿童友好的 2.5D 卡通渲染，柔和渐变背景，居中全身像，正面 3/4 视角，无文字。画布：800×1000 竖版，角色主体占 60% 居中偏下。"
"pixiu","貔貅","transcendent","归真永恒","貔貅 的 归真永恒 阶段。外形：貔貅至尊。系列：山海经。阶段基调：归真永恒，#F5F0E8 主色、#8A9BA8 辅色，清风、青山、无我之相，必有山水/清风。风格：儿童友好的 2.5D 卡通渲染，柔和渐变背景，居中全身像，正面 3/4 视角，无文字。画布：800×1000 竖版，角色主体占 60% 居中偏下。"
"jingwei","精卫","egg","灵胎初醒","精卫 的 灵胎初醒 阶段。外形：精卫卵。系列：山海经。阶段基调：灵胎初醒，#4A3A2A 主色、#C4A672 辅色，渺小、独行、破败背景，必有孤灯/破庙。风格：儿童友好的 2.5D 卡通渲染，柔和渐变背景，居中全身像，正面 3/4 视角，无文字。画布：800×1000 竖版，角色主体占 60% 居中偏下。"
"jingwei","精卫","baby","凡尘砺心","精卫 的 凡尘砺心 阶段。外形：女娃鸟。系列：山海经。阶段基调：凡尘砺心，#5B6B7A 主色、#8A9BA8 辅色，行路、风雨、远山，必有雨/风。风格：儿童友好的 2.5D 卡通渲染，柔和渐变背景，居中全身像，正面 3/4 视角，无文字。画布：800×1000 竖版，角色主体占 60% 居中偏下。"
"jingwei","精卫","growing","道法初成","精卫 的 道法初成 阶段。外形：衔木鸟。系列：山海经。阶段基调：道法初成，#C44B2A 主色、#E8B84B 辅色，光芒初绽、首胜、昂首，必有光芒/法器。风格：儿童友好的 2.5D 卡通渲染，柔和渐变背景，居中全身像，正面 3/4 视角，无文字。画布：800×1000 竖版，角色主体占 60% 居中偏下。"
"jingwei","精卫","mature","大劫淬炼","精卫 的 大劫淬炼 阶段。外形：精卫·填海。系列：山海经。阶段基调：大劫淬炼，#1A0A0A 主色、#8B1A1A 辅色，碎裂、坠落、血与火，必有火焰/裂痕。风格：儿童友好的 2.5D 卡通渲染，柔和渐变背景，居中全身像，正面 3/4 视角，无文字。画布：800×1000 竖版，角色主体占 60% 居中偏下。"
"jingwei","精卫","legendary","封神登天","精卫 的 封神登天 阶段。外形：精卫·不屈。系列：山海经。阶段基调：封神登天，#5B2A8A 主色、#F5D742 辅色，冠冕、宝座、万众仰视，必有冠冕/神位。风格：儿童友好的 2.5D 卡通渲染，柔和渐变背景，居中全身像，正面 3/4 视角，无文字。画布：800×1000 竖版，角色主体占 60% 居中偏下。"
"jingwei","精卫","transcendent","归真永恒","精卫 的 归真永恒 阶段。外形：精卫神鸟。系列：山海经。阶段基调：归真永恒，#F5F0E8 主色、#8A9BA8 辅色，清风、青山、无我之相，必有山水/清风。风格：儿童友好的 2.5D 卡通渲染，柔和渐变背景，居中全身像，正面 3/4 视角，无文字。画布：800×1000 竖版，角色主体占 60% 居中偏下。"
"xiangliu","相柳","egg","灵胎初醒","相柳 的 灵胎初醒 阶段。外形：九首卵。系列：山海经。阶段基调：灵胎初醒，#4A3A2A 主色、#C4A672 辅色，渺小、独行、破败背景，必有孤灯/破庙。风格：儿童友好的 2.5D 卡通渲染，柔和渐变背景，居中全身像，正面 3/4 视角，无文字。画布：800×1000 竖版，角色主体占 60% 居中偏下。"
"xiangliu","相柳","baby","凡尘砺心","相柳 的 凡尘砺心 阶段。外形：双首。系列：山海经。阶段基调：凡尘砺心，#5B6B7A 主色、#8A9BA8 辅色，行路、风雨、远山，必有雨/风。风格：儿童友好的 2.5D 卡通渲染，柔和渐变背景，居中全身像，正面 3/4 视角，无文字。画布：800×1000 竖版，角色主体占 60% 居中偏下。"
"xiangliu","相柳","growing","道法初成","相柳 的 道法初成 阶段。外形：多首蛇。系列：山海经。阶段基调：道法初成，#C44B2A 主色、#E8B84B 辅色，光芒初绽、首胜、昂首，必有光芒/法器。风格：儿童友好的 2.5D 卡通渲染，柔和渐变背景，居中全身像，正面 3/4 视角，无文字。画布：800×1000 竖版，角色主体占 60% 居中偏下。"
"xiangliu","相柳","mature","大劫淬炼","相柳 的 大劫淬炼 阶段。外形：相柳。系列：山海经。阶段基调：大劫淬炼，#1A0A0A 主色、#8B1A1A 辅色，碎裂、坠落、血与火，必有火焰/裂痕。风格：儿童友好的 2.5D 卡通渲染，柔和渐变背景，居中全身像，正面 3/4 视角，无文字。画布：800×1000 竖版，角色主体占 60% 居中偏下。"
"xiangliu","相柳","legendary","封神登天","相柳 的 封神登天 阶段。外形：凶兽相柳。系列：山海经。阶段基调：封神登天，#5B2A8A 主色、#F5D742 辅色，冠冕、宝座、万众仰视，必有冠冕/神位。风格：儿童友好的 2.5D 卡通渲染，柔和渐变背景，居中全身像，正面 3/4 视角，无文字。画布：800×1000 竖版，角色主体占 60% 居中偏下。"
"xiangliu","相柳","transcendent","归真永恒","相柳 的 归真永恒 阶段。外形：相柳·湮世。系列：山海经。阶段基调：归真永恒，#F5F0E8 主色、#8A9BA8 辅色，清风、青山、无我之相，必有山水/清风。风格：儿童友好的 2.5D 卡通渲染，柔和渐变背景，居中全身像，正面 3/4 视角，无文字。画布：800×1000 竖版，角色主体占 60% 居中偏下。"
"xiezhi","獬豸","egg","灵胎初醒","獬豸 的 灵胎初醒 阶段。外形：獬豸卵。系列：山海经。阶段基调：灵胎初醒，#4A3A2A 主色、#C4A672 辅色，渺小、独行、破败背景，必有孤灯/破庙。风格：儿童友好的 2.5D 卡通渲染，柔和渐变背景，居中全身像，正面 3/4 视角，无文字。画布：800×1000 竖版，角色主体占 60% 居中偏下。"
"xiezhi","獬豸","baby","凡尘砺心","獬豸 的 凡尘砺心 阶段。外形：独角羊。系列：山海经。阶段基调：凡尘砺心，#5B6B7A 主色、#8A9BA8 辅色，行路、风雨、远山，必有雨/风。风格：儿童友好的 2.5D 卡通渲染，柔和渐变背景，居中全身像，正面 3/4 视角，无文字。画布：800×1000 竖版，角色主体占 60% 居中偏下。"
"xiezhi","獬豸","growing","道法初成","獬豸 的 道法初成 阶段。外形：神羊。系列：山海经。阶段基调：道法初成，#C44B2A 主色、#E8B84B 辅色，光芒初绽、首胜、昂首，必有光芒/法器。风格：儿童友好的 2.5D 卡通渲染，柔和渐变背景，居中全身像，正面 3/4 视角，无文字。画布：800×1000 竖版，角色主体占 60% 居中偏下。"
"xiezhi","獬豸","mature","大劫淬炼","獬豸 的 大劫淬炼 阶段。外形：獬豸·司法。系列：山海经。阶段基调：大劫淬炼，#1A0A0A 主色、#8B1A1A 辅色，碎裂、坠落、血与火，必有火焰/裂痕。风格：儿童友好的 2.5D 卡通渲染，柔和渐变背景，居中全身像，正面 3/4 视角，无文字。画布：800×1000 竖版，角色主体占 60% 居中偏下。"
"xiezhi","獬豸","legendary","封神登天","獬豸 的 封神登天 阶段。外形：獬豸·执法。系列：山海经。阶段基调：封神登天，#5B2A8A 主色、#F5D742 辅色，冠冕、宝座、万众仰视，必有冠冕/神位。风格：儿童友好的 2.5D 卡通渲染，柔和渐变背景，居中全身像，正面 3/4 视角，无文字。画布：800×1000 竖版，角色主体占 60% 居中偏下。"
"xiezhi","獬豸","transcendent","归真永恒","獬豸 的 归真永恒 阶段。外形：司法神兽。系列：山海经。阶段基调：归真永恒，#F5F0E8 主色、#8A9BA8 辅色，清风、青山、无我之相，必有山水/清风。风格：儿童友好的 2.5D 卡通渲染，柔和渐变背景，居中全身像，正面 3/4 视角，无文字。画布：800×1000 竖版，角色主体占 60% 居中偏下。"
"charmander","小火龙→喷火龙","egg","灵胎初醒","小火龙→喷火龙 的 灵胎初醒 阶段。外形：火纹蛋。系列：宝可梦。阶段基调：灵胎初醒，#4A3A2A 主色、#C4A672 辅色，渺小、独行、破败背景，必有孤灯/破庙。风格：儿童友好的 2.5D 卡通渲染，柔和渐变背景，居中全身像，正面 3/4 视角，无文字。画布：800×1000 竖版，角色主体占 60% 居中偏下。"
"charmander","小火龙→喷火龙","baby","凡尘砺心","小火龙→喷火龙 的 凡尘砺心 阶段。外形：蹒跚火苗。系列：宝可梦。阶段基调：凡尘砺心，#5B6B7A 主色、#8A9BA8 辅色，行路、风雨、远山，必有雨/风。风格：儿童友好的 2.5D 卡通渲染，柔和渐变背景，居中全身像，正面 3/4 视角，无文字。画布：800×1000 竖版，角色主体占 60% 居中偏下。"
"charmander","小火龙→喷火龙","growing","道法初成","小火龙→喷火龙 的 道法初成 阶段。外形：烈火小龙。系列：宝可梦。阶段基调：道法初成，#C44B2A 主色、#E8B84B 辅色，光芒初绽、首胜、昂首，必有光芒/法器。风格：儿童友好的 2.5D 卡通渲染，柔和渐变背景，居中全身像，正面 3/4 视角，无文字。画布：800×1000 竖版，角色主体占 60% 居中偏下。"
"charmander","小火龙→喷火龙","mature","大劫淬炼","小火龙→喷火龙 的 大劫淬炼 阶段。外形：烈火恐龙。系列：宝可梦。阶段基调：大劫淬炼，#1A0A0A 主色、#8B1A1A 辅色，碎裂、坠落、血与火，必有火焰/裂痕。风格：儿童友好的 2.5D 卡通渲染，柔和渐变背景，居中全身像，正面 3/4 视角，无文字。画布：800×1000 竖版，角色主体占 60% 居中偏下。"
"charmander","小火龙→喷火龙","legendary","封神登天","小火龙→喷火龙 的 封神登天 阶段。外形：喷火龙。系列：宝可梦。阶段基调：封神登天，#5B2A8A 主色、#F5D742 辅色，冠冕、宝座、万众仰视，必有冠冕/神位。风格：儿童友好的 2.5D 卡通渲染，柔和渐变背景，居中全身像，正面 3/4 视角，无文字。画布：800×1000 竖版，角色主体占 60% 居中偏下。"
"charmander","小火龙→喷火龙","transcendent","归真永恒","小火龙→喷火龙 的 归真永恒 阶段。外形：超级喷火龙X。系列：宝可梦。阶段基调：归真永恒，#F5F0E8 主色、#8A9BA8 辅色，清风、青山、无我之相，必有山水/清风。风格：儿童友好的 2.5D 卡通渲染，柔和渐变背景，居中全身像，正面 3/4 视角，无文字。画布：800×1000 竖版，角色主体占 60% 居中偏下。"
"bulbasaur","妙蛙种子→妙蛙花","egg","灵胎初醒","妙蛙种子→妙蛙花 的 灵胎初醒 阶段。外形：种子蛋。系列：宝可梦。阶段基调：灵胎初醒，#4A3A2A 主色、#C4A672 辅色，渺小、独行、破败背景，必有孤灯/破庙。风格：儿童友好的 2.5D 卡通渲染，柔和渐变背景，居中全身像，正面 3/4 视角，无文字。画布：800×1000 竖版，角色主体占 60% 居中偏下。"
"bulbasaur","妙蛙种子→妙蛙花","baby","凡尘砺心","妙蛙种子→妙蛙花 的 凡尘砺心 阶段。外形：幼种子。系列：宝可梦。阶段基调：凡尘砺心，#5B6B7A 主色、#8A9BA8 辅色，行路、风雨、远山，必有雨/风。风格：儿童友好的 2.5D 卡通渲染，柔和渐变背景，居中全身像，正面 3/4 视角，无文字。画布：800×1000 竖版，角色主体占 60% 居中偏下。"
"bulbasaur","妙蛙种子→妙蛙花","growing","道法初成","妙蛙种子→妙蛙花 的 道法初成 阶段。外形：叶芽成长。系列：宝可梦。阶段基调：道法初成，#C44B2A 主色、#E8B84B 辅色，光芒初绽、首胜、昂首，必有光芒/法器。风格：儿童友好的 2.5D 卡通渲染，柔和渐变背景，居中全身像，正面 3/4 视角，无文字。画布：800×1000 竖版，角色主体占 60% 居中偏下。"
"bulbasaur","妙蛙种子→妙蛙花","mature","大劫淬炼","妙蛙种子→妙蛙花 的 大劫淬炼 阶段。外形：花苞绽放。系列：宝可梦。阶段基调：大劫淬炼，#1A0A0A 主色、#8B1A1A 辅色，碎裂、坠落、血与火，必有火焰/裂痕。风格：儿童友好的 2.5D 卡通渲染，柔和渐变背景，居中全身像，正面 3/4 视角，无文字。画布：800×1000 竖版，角色主体占 60% 居中偏下。"
"bulbasaur","妙蛙种子→妙蛙花","legendary","封神登天","妙蛙种子→妙蛙花 的 封神登天 阶段。外形：繁花之姿。系列：宝可梦。阶段基调：封神登天，#5B2A8A 主色、#F5D742 辅色，冠冕、宝座、万众仰视，必有冠冕/神位。风格：儿童友好的 2.5D 卡通渲染，柔和渐变背景，居中全身像，正面 3/4 视角，无文字。画布：800×1000 竖版，角色主体占 60% 居中偏下。"
"bulbasaur","妙蛙种子→妙蛙花","transcendent","归真永恒","妙蛙种子→妙蛙花 的 归真永恒 阶段。外形：花神。系列：宝可梦。阶段基调：归真永恒，#F5F0E8 主色、#8A9BA8 辅色，清风、青山、无我之相，必有山水/清风。风格：儿童友好的 2.5D 卡通渲染，柔和渐变背景，居中全身像，正面 3/4 视角，无文字。画布：800×1000 竖版，角色主体占 60% 居中偏下。"
"squirtle","杰尼龟→水箭龟","egg","灵胎初醒","杰尼龟→水箭龟 的 灵胎初醒 阶段。外形：水纹蛋。系列：宝可梦。阶段基调：灵胎初醒，#4A3A2A 主色、#C4A672 辅色，渺小、独行、破败背景，必有孤灯/破庙。风格：儿童友好的 2.5D 卡通渲染，柔和渐变背景，居中全身像，正面 3/4 视角，无文字。画布：800×1000 竖版，角色主体占 60% 居中偏下。"
"squirtle","杰尼龟→水箭龟","baby","凡尘砺心","杰尼龟→水箭龟 的 凡尘砺心 阶段。外形：幼龟。系列：宝可梦。阶段基调：凡尘砺心，#5B6B7A 主色、#8A9BA8 辅色，行路、风雨、远山，必有雨/风。风格：儿童友好的 2.5D 卡通渲染，柔和渐变背景，居中全身像，正面 3/4 视角，无文字。画布：800×1000 竖版，角色主体占 60% 居中偏下。"
"squirtle","杰尼龟→水箭龟","growing","道法初成","杰尼龟→水箭龟 的 道法初成 阶段。外形：水枪龟。系列：宝可梦。阶段基调：道法初成，#C44B2A 主色、#E8B84B 辅色，光芒初绽、首胜、昂首，必有光芒/法器。风格：儿童友好的 2.5D 卡通渲染，柔和渐变背景，居中全身像，正面 3/4 视角，无文字。画布：800×1000 竖版，角色主体占 60% 居中偏下。"
"squirtle","杰尼龟→水箭龟","mature","大劫淬炼","杰尼龟→水箭龟 的 大劫淬炼 阶段。外形：水炮龟。系列：宝可梦。阶段基调：大劫淬炼，#1A0A0A 主色、#8B1A1A 辅色，碎裂、坠落、血与火，必有火焰/裂痕。风格：儿童友好的 2.5D 卡通渲染，柔和渐变背景，居中全身像，正面 3/4 视角，无文字。画布：800×1000 竖版，角色主体占 60% 居中偏下。"
"squirtle","杰尼龟→水箭龟","legendary","封神登天","杰尼龟→水箭龟 的 封神登天 阶段。外形：水箭龟。系列：宝可梦。阶段基调：封神登天，#5B2A8A 主色、#F5D742 辅色，冠冕、宝座、万众仰视，必有冠冕/神位。风格：儿童友好的 2.5D 卡通渲染，柔和渐变背景，居中全身像，正面 3/4 视角，无文字。画布：800×1000 竖版，角色主体占 60% 居中偏下。"
"squirtle","杰尼龟→水箭龟","transcendent","归真永恒","杰尼龟→水箭龟 的 归真永恒 阶段。外形：海神龟。系列：宝可梦。阶段基调：归真永恒，#F5F0E8 主色、#8A9BA8 辅色，清风、青山、无我之相，必有山水/清风。风格：儿童友好的 2.5D 卡通渲染，柔和渐变背景，居中全身像，正面 3/4 视角，无文字。画布：800×1000 竖版，角色主体占 60% 居中偏下。"
"eevee","伊布","egg","灵胎初醒","伊布 的 灵胎初醒 阶段。外形：伊布蛋。系列：宝可梦。阶段基调：灵胎初醒，#4A3A2A 主色、#C4A672 辅色，渺小、独行、破败背景，必有孤灯/破庙。风格：儿童友好的 2.5D 卡通渲染，柔和渐变背景，居中全身像，正面 3/4 视角，无文字。画布：800×1000 竖版，角色主体占 60% 居中偏下。"
"eevee","伊布","baby","凡尘砺心","伊布 的 凡尘砺心 阶段。外形：伊布。系列：宝可梦。阶段基调：凡尘砺心，#5B6B7A 主色、#8A9BA8 辅色，行路、风雨、远山，必有雨/风。风格：儿童友好的 2.5D 卡通渲染，柔和渐变背景，居中全身像，正面 3/4 视角，无文字。画布：800×1000 竖版，角色主体占 60% 居中偏下。"
"eevee","伊布","growing","道法初成","伊布 的 道法初成 阶段。外形：进化预备。系列：宝可梦。阶段基调：道法初成，#C44B2A 主色、#E8B84B 辅色，光芒初绽、首胜、昂首，必有光芒/法器。风格：儿童友好的 2.5D 卡通渲染，柔和渐变背景，居中全身像，正面 3/4 视角，无文字。画布：800×1000 竖版，角色主体占 60% 居中偏下。"
"eevee","伊布","mature","大劫淬炼","伊布 的 大劫淬炼 阶段。外形：元素显现。系列：宝可梦。阶段基调：大劫淬炼，#1A0A0A 主色、#8B1A1A 辅色，碎裂、坠落、血与火，必有火焰/裂痕。风格：儿童友好的 2.5D 卡通渲染，柔和渐变背景，居中全身像，正面 3/4 视角，无文字。画布：800×1000 竖版，角色主体占 60% 居中偏下。"
"eevee","伊布","legendary","封神登天","伊布 的 封神登天 阶段。外形：水伊布·潮汐。系列：宝可梦。阶段基调：封神登天，#5B2A8A 主色、#F5D742 辅色，冠冕、宝座、万众仰视，必有冠冕/神位。风格：儿童友好的 2.5D 卡通渲染，柔和渐变背景，居中全身像，正面 3/4 视角，无文字。画布：800×1000 竖版，角色主体占 60% 居中偏下。"
"eevee","伊布","transcendent","归真永恒","伊布 的 归真永恒 阶段。外形：水伊布·海神。系列：宝可梦。阶段基调：归真永恒，#F5F0E8 主色、#8A9BA8 辅色，清风、青山、无我之相，必有山水/清风。风格：儿童友好的 2.5D 卡通渲染，柔和渐变背景，居中全身像，正面 3/4 视角，无文字。画布：800×1000 竖版，角色主体占 60% 居中偏下。"
"pikachu","皮卡丘","egg","灵胎初醒","皮卡丘 的 灵胎初醒 阶段。外形：电气蛋。系列：宝可梦。阶段基调：灵胎初醒，#4A3A2A 主色、#C4A672 辅色，渺小、独行、破败背景，必有孤灯/破庙。风格：儿童友好的 2.5D 卡通渲染，柔和渐变背景，居中全身像，正面 3/4 视角，无文字。画布：800×1000 竖版，角色主体占 60% 居中偏下。"
"pikachu","皮卡丘","baby","凡尘砺心","皮卡丘 的 凡尘砺心 阶段。外形：皮丘萌动。系列：宝可梦。阶段基调：凡尘砺心，#5B6B7A 主色、#8A9BA8 辅色，行路、风雨、远山，必有雨/风。风格：儿童友好的 2.5D 卡通渲染，柔和渐变背景，居中全身像，正面 3/4 视角，无文字。画布：800×1000 竖版，角色主体占 60% 居中偏下。"
"pikachu","皮卡丘","growing","道法初成","皮卡丘 的 道法初成 阶段。外形：蓄电皮卡丘。系列：宝可梦。阶段基调：道法初成，#C44B2A 主色、#E8B84B 辅色，光芒初绽、首胜、昂首，必有光芒/法器。风格：儿童友好的 2.5D 卡通渲染，柔和渐变背景，居中全身像，正面 3/4 视角，无文字。画布：800×1000 竖版，角色主体占 60% 居中偏下。"
"pikachu","皮卡丘","mature","大劫淬炼","皮卡丘 的 大劫淬炼 阶段。外形：雷丘。系列：宝可梦。阶段基调：大劫淬炼，#1A0A0A 主色、#8B1A1A 辅色，碎裂、坠落、血与火，必有火焰/裂痕。风格：儿童友好的 2.5D 卡通渲染，柔和渐变背景，居中全身像，正面 3/4 视角，无文字。画布：800×1000 竖版，角色主体占 60% 居中偏下。"
"pikachu","皮卡丘","legendary","封神登天","皮卡丘 的 封神登天 阶段。外形：飞空皮卡丘。系列：宝可梦。阶段基调：封神登天，#5B2A8A 主色、#F5D742 辅色，冠冕、宝座、万众仰视，必有冠冕/神位。风格：儿童友好的 2.5D 卡通渲染，柔和渐变背景，居中全身像，正面 3/4 视角，无文字。画布：800×1000 竖版，角色主体占 60% 居中偏下。"
"pikachu","皮卡丘","transcendent","归真永恒","皮卡丘 的 归真永恒 阶段。外形：极巨化皮卡丘。系列：宝可梦。阶段基调：归真永恒，#F5F0E8 主色、#8A9BA8 辅色，清风、青山、无我之相，必有山水/清风。风格：儿童友好的 2.5D 卡通渲染，柔和渐变背景，居中全身像，正面 3/4 视角，无文字。画布：800×1000 竖版，角色主体占 60% 居中偏下。"
"riolu","利欧路→路卡利欧","egg","灵胎初醒","利欧路→路卡利欧 的 灵胎初醒 阶段。外形：波导蛋。系列：宝可梦。阶段基调：灵胎初醒，#4A3A2A 主色、#C4A672 辅色，渺小、独行、破败背景，必有孤灯/破庙。风格：儿童友好的 2.5D 卡通渲染，柔和渐变背景，居中全身像，正面 3/4 视角，无文字。画布：800×1000 竖版，角色主体占 60% 居中偏下。"
"riolu","利欧路→路卡利欧","baby","凡尘砺心","利欧路→路卡利欧 的 凡尘砺心 阶段。外形：利欧路。系列：宝可梦。阶段基调：凡尘砺心，#5B6B7A 主色、#8A9BA8 辅色，行路、风雨、远山，必有雨/风。风格：儿童友好的 2.5D 卡通渲染，柔和渐变背景，居中全身像，正面 3/4 视角，无文字。画布：800×1000 竖版，角色主体占 60% 居中偏下。"
"riolu","利欧路→路卡利欧","growing","道法初成","利欧路→路卡利欧 的 道法初成 阶段。外形：练习生。系列：宝可梦。阶段基调：道法初成，#C44B2A 主色、#E8B84B 辅色，光芒初绽、首胜、昂首，必有光芒/法器。风格：儿童友好的 2.5D 卡通渲染，柔和渐变背景，居中全身像，正面 3/4 视角，无文字。画布：800×1000 竖版，角色主体占 60% 居中偏下。"
"riolu","利欧路→路卡利欧","mature","大劫淬炼","利欧路→路卡利欧 的 大劫淬炼 阶段。外形：路卡利欧。系列：宝可梦。阶段基调：大劫淬炼，#1A0A0A 主色、#8B1A1A 辅色，碎裂、坠落、血与火，必有火焰/裂痕。风格：儿童友好的 2.5D 卡通渲染，柔和渐变背景，居中全身像，正面 3/4 视角，无文字。画布：800×1000 竖版，角色主体占 60% 居中偏下。"
"riolu","利欧路→路卡利欧","legendary","封神登天","利欧路→路卡利欧 的 封神登天 阶段。外形：波导大师。系列：宝可梦。阶段基调：封神登天，#5B2A8A 主色、#F5D742 辅色，冠冕、宝座、万众仰视，必有冠冕/神位。风格：儿童友好的 2.5D 卡通渲染，柔和渐变背景，居中全身像，正面 3/4 视角，无文字。画布：800×1000 竖版，角色主体占 60% 居中偏下。"
"riolu","利欧路→路卡利欧","transcendent","归真永恒","利欧路→路卡利欧 的 归真永恒 阶段。外形：传说守护者。系列：宝可梦。阶段基调：归真永恒，#F5F0E8 主色、#8A9BA8 辅色，清风、青山、无我之相，必有山水/清风。风格：儿童友好的 2.5D 卡通渲染，柔和渐变背景，居中全身像，正面 3/4 视角，无文字。画布：800×1000 竖版，角色主体占 60% 居中偏下。"
"panda","大熊猫","egg","灵胎初醒","大熊猫 的 灵胎初醒 阶段。外形：粉红团子。系列：国宝。阶段基调：灵胎初醒，#4A3A2A 主色、#C4A672 辅色，渺小、独行、破败背景，必有孤灯/破庙。风格：儿童友好的 2.5D 卡通渲染，柔和渐变背景，居中全身像，正面 3/4 视角，无文字。画布：800×1000 竖版，角色主体占 60% 居中偏下。"
"panda","大熊猫","baby","凡尘砺心","大熊猫 的 凡尘砺心 阶段。外形：蹒跚学步。系列：国宝。阶段基调：凡尘砺心，#5B6B7A 主色、#8A9BA8 辅色，行路、风雨、远山，必有雨/风。风格：儿童友好的 2.5D 卡通渲染，柔和渐变背景，居中全身像，正面 3/4 视角，无文字。画布：800×1000 竖版，角色主体占 60% 居中偏下。"
"panda","大熊猫","growing","道法初成","大熊猫 的 道法初成 阶段。外形：好奇熊猫。系列：国宝。阶段基调：道法初成，#C44B2A 主色、#E8B84B 辅色，光芒初绽、首胜、昂首，必有光芒/法器。风格：儿童友好的 2.5D 卡通渲染，柔和渐变背景，居中全身像，正面 3/4 视角，无文字。画布：800×1000 竖版，角色主体占 60% 居中偏下。"
"panda","大熊猫","mature","大劫淬炼","大熊猫 的 大劫淬炼 阶段。外形：青涩少年。系列：国宝。阶段基调：大劫淬炼，#1A0A0A 主色、#8B1A1A 辅色，碎裂、坠落、血与火，必有火焰/裂痕。风格：儿童友好的 2.5D 卡通渲染，柔和渐变背景，居中全身像，正面 3/4 视角，无文字。画布：800×1000 竖版，角色主体占 60% 居中偏下。"
"panda","大熊猫","legendary","封神登天","大熊猫 的 封神登天 阶段。外形：成年熊猫。系列：国宝。阶段基调：封神登天，#5B2A8A 主色、#F5D742 辅色，冠冕、宝座、万众仰视，必有冠冕/神位。风格：儿童友好的 2.5D 卡通渲染，柔和渐变背景，居中全身像，正面 3/4 视角，无文字。画布：800×1000 竖版，角色主体占 60% 居中偏下。"
"panda","大熊猫","transcendent","归真永恒","大熊猫 的 归真永恒 阶段。外形：太极熊猫。系列：国宝。阶段基调：归真永恒，#F5F0E8 主色、#8A9BA8 辅色，清风、青山、无我之相，必有山水/清风。风格：儿童友好的 2.5D 卡通渲染，柔和渐变背景，居中全身像，正面 3/4 视角，无文字。画布：800×1000 竖版，角色主体占 60% 居中偏下。"
"golden_monkey","金丝猴","egg","灵胎初醒","金丝猴 的 灵胎初醒 阶段。外形：金丝卵。系列：国宝。阶段基调：灵胎初醒，#4A3A2A 主色、#C4A672 辅色，渺小、独行、破败背景，必有孤灯/破庙。风格：儿童友好的 2.5D 卡通渲染，柔和渐变背景，居中全身像，正面 3/4 视角，无文字。画布：800×1000 竖版，角色主体占 60% 居中偏下。"
"golden_monkey","金丝猴","baby","凡尘砺心","金丝猴 的 凡尘砺心 阶段。外形：初显金毛。系列：国宝。阶段基调：凡尘砺心，#5B6B7A 主色、#8A9BA8 辅色，行路、风雨、远山，必有雨/风。风格：儿童友好的 2.5D 卡通渲染，柔和渐变背景，居中全身像，正面 3/4 视角，无文字。画布：800×1000 竖版，角色主体占 60% 居中偏下。"
"golden_monkey","金丝猴","growing","道法初成","金丝猴 的 道法初成 阶段。外形：蓝面初显。系列：国宝。阶段基调：道法初成，#C44B2A 主色、#E8B84B 辅色，光芒初绽、首胜、昂首，必有光芒/法器。风格：儿童友好的 2.5D 卡通渲染，柔和渐变背景，居中全身像，正面 3/4 视角，无文字。画布：800×1000 竖版，角色主体占 60% 居中偏下。"
"golden_monkey","金丝猴","mature","大劫淬炼","金丝猴 的 大劫淬炼 阶段。外形：长尾猴。系列：国宝。阶段基调：大劫淬炼，#1A0A0A 主色、#8B1A1A 辅色，碎裂、坠落、血与火，必有火焰/裂痕。风格：儿童友好的 2.5D 卡通渲染，柔和渐变背景，居中全身像，正面 3/4 视角，无文字。画布：800×1000 竖版，角色主体占 60% 居中偏下。"
"golden_monkey","金丝猴","legendary","封神登天","金丝猴 的 封神登天 阶段。外形：金猴王。系列：国宝。阶段基调：封神登天，#5B2A8A 主色、#F5D742 辅色，冠冕、宝座、万众仰视，必有冠冕/神位。风格：儿童友好的 2.5D 卡通渲染，柔和渐变背景，居中全身像，正面 3/4 视角，无文字。画布：800×1000 竖版，角色主体占 60% 居中偏下。"
"golden_monkey","金丝猴","transcendent","归真永恒","金丝猴 的 归真永恒 阶段。外形：金丝大圣。系列：国宝。阶段基调：归真永恒，#F5F0E8 主色、#8A9BA8 辅色，清风、青山、无我之相，必有山水/清风。风格：儿童友好的 2.5D 卡通渲染，柔和渐变背景，居中全身像，正面 3/4 视角，无文字。画布：800×1000 竖版，角色主体占 60% 居中偏下。"
"red_crowned_crane","丹顶鹤","egg","灵胎初醒","丹顶鹤 的 灵胎初醒 阶段。外形：鹤卵。系列：国宝。阶段基调：灵胎初醒，#4A3A2A 主色、#C4A672 辅色，渺小、独行、破败背景，必有孤灯/破庙。风格：儿童友好的 2.5D 卡通渲染，柔和渐变背景，居中全身像，正面 3/4 视角，无文字。画布：800×1000 竖版，角色主体占 60% 居中偏下。"
"red_crowned_crane","丹顶鹤","baby","凡尘砺心","丹顶鹤 的 凡尘砺心 阶段。外形：灰羽渐白。系列：国宝。阶段基调：凡尘砺心，#5B6B7A 主色、#8A9BA8 辅色，行路、风雨、远山，必有雨/风。风格：儿童友好的 2.5D 卡通渲染，柔和渐变背景，居中全身像，正面 3/4 视角，无文字。画布：800×1000 竖版，角色主体占 60% 居中偏下。"
"red_crowned_crane","丹顶鹤","growing","道法初成","丹顶鹤 的 道法初成 阶段。外形：飞羽初展。系列：国宝。阶段基调：道法初成，#C44B2A 主色、#E8B84B 辅色，光芒初绽、首胜、昂首，必有光芒/法器。风格：儿童友好的 2.5D 卡通渲染，柔和渐变背景，居中全身像，正面 3/4 视角，无文字。画布：800×1000 竖版，角色主体占 60% 居中偏下。"
"red_crowned_crane","丹顶鹤","mature","大劫淬炼","丹顶鹤 的 大劫淬炼 阶段。外形：长寿鹤。系列：国宝。阶段基调：大劫淬炼，#1A0A0A 主色、#8B1A1A 辅色，碎裂、坠落、血与火，必有火焰/裂痕。风格：儿童友好的 2.5D 卡通渲染，柔和渐变背景，居中全身像，正面 3/4 视角，无文字。画布：800×1000 竖版，角色主体占 60% 居中偏下。"
"red_crowned_crane","丹顶鹤","legendary","封神登天","丹顶鹤 的 封神登天 阶段。外形：祥云伴鹤。系列：国宝。阶段基调：封神登天，#5B2A8A 主色、#F5D742 辅色，冠冕、宝座、万众仰视，必有冠冕/神位。风格：儿童友好的 2.5D 卡通渲染，柔和渐变背景，居中全身像，正面 3/4 视角，无文字。画布：800×1000 竖版，角色主体占 60% 居中偏下。"
"red_crowned_crane","丹顶鹤","transcendent","归真永恒","丹顶鹤 的 归真永恒 阶段。外形：羽化鹤。系列：国宝。阶段基调：归真永恒，#F5F0E8 主色、#8A9BA8 辅色，清风、青山、无我之相，必有山水/清风。风格：儿童友好的 2.5D 卡通渲染，柔和渐变背景，居中全身像，正面 3/4 视角，无文字。画布：800×1000 竖版，角色主体占 60% 居中偏下。"
"south_china_tiger","华南虎","egg","灵胎初醒","华南虎 的 灵胎初醒 阶段。外形：虎蛋。系列：国宝。阶段基调：灵胎初醒，#4A3A2A 主色、#C4A672 辅色，渺小、独行、破败背景，必有孤灯/破庙。风格：儿童友好的 2.5D 卡通渲染，柔和渐变背景，居中全身像，正面 3/4 视角，无文字。画布：800×1000 竖版，角色主体占 60% 居中偏下。"
"south_china_tiger","华南虎","baby","凡尘砺心","华南虎 的 凡尘砺心 阶段。外形：幼虎。系列：国宝。阶段基调：凡尘砺心，#5B6B7A 主色、#8A9BA8 辅色，行路、风雨、远山，必有雨/风。风格：儿童友好的 2.5D 卡通渲染，柔和渐变背景，居中全身像，正面 3/4 视角，无文字。画布：800×1000 竖版，角色主体占 60% 居中偏下。"
"south_china_tiger","华南虎","growing","道法初成","华南虎 的 道法初成 阶段。外形：斑纹加深。系列：国宝。阶段基调：道法初成，#C44B2A 主色、#E8B84B 辅色，光芒初绽、首胜、昂首，必有光芒/法器。风格：儿童友好的 2.5D 卡通渲染，柔和渐变背景，居中全身像，正面 3/4 视角，无文字。画布：800×1000 竖版，角色主体占 60% 居中偏下。"
"south_china_tiger","华南虎","mature","大劫淬炼","华南虎 的 大劫淬炼 阶段。外形：百兽之王。系列：国宝。阶段基调：大劫淬炼，#1A0A0A 主色、#8B1A1A 辅色，碎裂、坠落、血与火，必有火焰/裂痕。风格：儿童友好的 2.5D 卡通渲染，柔和渐变背景，居中全身像，正面 3/4 视角，无文字。画布：800×1000 竖版，角色主体占 60% 居中偏下。"
"south_china_tiger","华南虎","legendary","封神登天","华南虎 的 封神登天 阶段。外形：金虎。系列：国宝。阶段基调：封神登天，#5B2A8A 主色、#F5D742 辅色，冠冕、宝座、万众仰视，必有冠冕/神位。风格：儿童友好的 2.5D 卡通渲染，柔和渐变背景，居中全身像，正面 3/4 视角，无文字。画布：800×1000 竖版，角色主体占 60% 居中偏下。"
"south_china_tiger","华南虎","transcendent","归真永恒","华南虎 的 归真永恒 阶段。外形：神虎。系列：国宝。阶段基调：归真永恒，#F5F0E8 主色、#8A9BA8 辅色，清风、青山、无我之相，必有山水/清风。风格：儿童友好的 2.5D 卡通渲染，柔和渐变背景，居中全身像，正面 3/4 视角，无文字。画布：800×1000 竖版，角色主体占 60% 居中偏下。"
"chinese_alligator","扬子鳄","egg","灵胎初醒","扬子鳄 的 灵胎初醒 阶段。外形：鳄卵。系列：国宝。阶段基调：灵胎初醒，#4A3A2A 主色、#C4A672 辅色，渺小、独行、破败背景，必有孤灯/破庙。风格：儿童友好的 2.5D 卡通渲染，柔和渐变背景，居中全身像，正面 3/4 视角，无文字。画布：800×1000 竖版，角色主体占 60% 居中偏下。"
"chinese_alligator","扬子鳄","baby","凡尘砺心","扬子鳄 的 凡尘砺心 阶段。外形：鳞甲初生。系列：国宝。阶段基调：凡尘砺心，#5B6B7A 主色、#8A9BA8 辅色，行路、风雨、远山，必有雨/风。风格：儿童友好的 2.5D 卡通渲染，柔和渐变背景，居中全身像，正面 3/4 视角，无文字。画布：800×1000 竖版，角色主体占 60% 居中偏下。"
"chinese_alligator","扬子鳄","growing","道法初成","扬子鳄 的 道法初成 阶段。外形：水中霸主。系列：国宝。阶段基调：道法初成，#C44B2A 主色、#E8B84B 辅色，光芒初绽、首胜、昂首，必有光芒/法器。风格：儿童友好的 2.5D 卡通渲染，柔和渐变背景，居中全身像，正面 3/4 视角，无文字。画布：800×1000 竖版，角色主体占 60% 居中偏下。"
"chinese_alligator","扬子鳄","mature","大劫淬炼","扬子鳄 的 大劫淬炼 阶段。外形：铁甲鳄。系列：国宝。阶段基调：大劫淬炼，#1A0A0A 主色、#8B1A1A 辅色，碎裂、坠落、血与火，必有火焰/裂痕。风格：儿童友好的 2.5D 卡通渲染，柔和渐变背景，居中全身像，正面 3/4 视角，无文字。画布：800×1000 竖版，角色主体占 60% 居中偏下。"
"chinese_alligator","扬子鳄","legendary","封神登天","扬子鳄 的 封神登天 阶段。外形：大鳄。系列：国宝。阶段基调：封神登天，#5B2A8A 主色、#F5D742 辅色，冠冕、宝座、万众仰视，必有冠冕/神位。风格：儿童友好的 2.5D 卡通渲染，柔和渐变背景，居中全身像，正面 3/4 视角，无文字。画布：800×1000 竖版，角色主体占 60% 居中偏下。"
"chinese_alligator","扬子鳄","transcendent","归真永恒","扬子鳄 的 归真永恒 阶段。外形：蛟鳄。系列：国宝。阶段基调：归真永恒，#F5F0E8 主色、#8A9BA8 辅色，清风、青山、无我之相，必有山水/清风。风格：儿童友好的 2.5D 卡通渲染，柔和渐变背景，居中全身像，正面 3/4 视角，无文字。画布：800×1000 竖版，角色主体占 60% 居中偏下。"
"crested_ibis","朱鹮","egg","灵胎初醒","朱鹮 的 灵胎初醒 阶段。外形：朱卵。系列：国宝。阶段基调：灵胎初醒，#4A3A2A 主色、#C4A672 辅色，渺小、独行、破败背景，必有孤灯/破庙。风格：儿童友好的 2.5D 卡通渲染，柔和渐变背景，居中全身像，正面 3/4 视角，无文字。画布：800×1000 竖版，角色主体占 60% 居中偏下。"
"crested_ibis","朱鹮","baby","凡尘砺心","朱鹮 的 凡尘砺心 阶段。外形：白羽渐生。系列：国宝。阶段基调：凡尘砺心，#5B6B7A 主色、#8A9BA8 辅色，行路、风雨、远山，必有雨/风。风格：儿童友好的 2.5D 卡通渲染，柔和渐变背景，居中全身像，正面 3/4 视角，无文字。画布：800×1000 竖版，角色主体占 60% 居中偏下。"
"crested_ibis","朱鹮","growing","道法初成","朱鹮 的 道法初成 阶段。外形：朱鹮。系列：国宝。阶段基调：道法初成，#C44B2A 主色、#E8B84B 辅色，光芒初绽、首胜、昂首，必有光芒/法器。风格：儿童友好的 2.5D 卡通渲染，柔和渐变背景，居中全身像，正面 3/4 视角，无文字。画布：800×1000 竖版，角色主体占 60% 居中偏下。"
"crested_ibis","朱鹮","mature","大劫淬炼","朱鹮 的 大劫淬炼 阶段。外形：祥瑞之鸟。系列：国宝。阶段基调：大劫淬炼，#1A0A0A 主色、#8B1A1A 辅色，碎裂、坠落、血与火，必有火焰/裂痕。风格：儿童友好的 2.5D 卡通渲染，柔和渐变背景，居中全身像，正面 3/4 视角，无文字。画布：800×1000 竖版，角色主体占 60% 居中偏下。"
"crested_ibis","朱鹮","legendary","封神登天","朱鹮 的 封神登天 阶段。外形：吉祥朱鹮。系列：国宝。阶段基调：封神登天，#5B2A8A 主色、#F5D742 辅色，冠冕、宝座、万众仰视，必有冠冕/神位。风格：儿童友好的 2.5D 卡通渲染，柔和渐变背景，居中全身像，正面 3/4 视角，无文字。画布：800×1000 竖版，角色主体占 60% 居中偏下。"
"crested_ibis","朱鹮","transcendent","归真永恒","朱鹮 的 归真永恒 阶段。外形：凤凰近亲。系列：国宝。阶段基调：归真永恒，#F5F0E8 主色、#8A9BA8 辅色，清风、青山、无我之相，必有山水/清风。风格：儿童友好的 2.5D 卡通渲染，柔和渐变背景，居中全身像，正面 3/4 视角，无文字。画布：800×1000 竖版，角色主体占 60% 居中偏下。"
"mecha_dragon","亚古兽","egg","灵胎初醒","亚古兽 的 灵胎初醒 阶段。外形：数码蛋。系列：数码宝贝。阶段基调：灵胎初醒，#4A3A2A 主色、#C4A672 辅色，渺小、独行、破败背景，必有孤灯/破庙。风格：儿童友好的 2.5D 卡通渲染，柔和渐变背景，居中全身像，正面 3/4 视角，无文字。画布：800×1000 竖版，角色主体占 60% 居中偏下。"
"mecha_dragon","亚古兽","baby","凡尘砺心","亚古兽 的 凡尘砺心 阶段。外形：滚球兽。系列：数码宝贝。阶段基调：凡尘砺心，#5B6B7A 主色、#8A9BA8 辅色，行路、风雨、远山，必有雨/风。风格：儿童友好的 2.5D 卡通渲染，柔和渐变背景，居中全身像，正面 3/4 视角，无文字。画布：800×1000 竖版，角色主体占 60% 居中偏下。"
"mecha_dragon","亚古兽","growing","道法初成","亚古兽 的 道法初成 阶段。外形：亚古兽·干劲。系列：数码宝贝。阶段基调：道法初成，#C44B2A 主色、#E8B84B 辅色，光芒初绽、首胜、昂首，必有光芒/法器。风格：儿童友好的 2.5D 卡通渲染，柔和渐变背景，居中全身像，正面 3/4 视角，无文字。画布：800×1000 竖版，角色主体占 60% 居中偏下。"
"mecha_dragon","亚古兽","mature","大劫淬炼","亚古兽 的 大劫淬炼 阶段。外形：暴龙兽·强攻。系列：数码宝贝。阶段基调：大劫淬炼，#1A0A0A 主色、#8B1A1A 辅色，碎裂、坠落、血与火，必有火焰/裂痕。风格：儿童友好的 2.5D 卡通渲染，柔和渐变背景，居中全身像，正面 3/4 视角，无文字。画布：800×1000 竖版，角色主体占 60% 居中偏下。"
"mecha_dragon","亚古兽","legendary","封神登天","亚古兽 的 封神登天 阶段。外形：机械暴龙兽·强化。系列：数码宝贝。阶段基调：封神登天，#5B2A8A 主色、#F5D742 辅色，冠冕、宝座、万众仰视，必有冠冕/神位。风格：儿童友好的 2.5D 卡通渲染，柔和渐变背景，居中全身像，正面 3/4 视角，无文字。画布：800×1000 竖版，角色主体占 60% 居中偏下。"
"mecha_dragon","亚古兽","transcendent","归真永恒","亚古兽 的 归真永恒 阶段。外形：战斗暴龙兽·勇气。系列：数码宝贝。阶段基调：归真永恒，#F5F0E8 主色、#8A9BA8 辅色，清风、青山、无我之相，必有山水/清风。风格：儿童友好的 2.5D 卡通渲染，柔和渐变背景，居中全身像，正面 3/4 视角，无文字。画布：800×1000 竖版，角色主体占 60% 居中偏下。"
"cyber_cat","迪路兽","egg","灵胎初醒","迪路兽 的 灵胎初醒 阶段。外形：数码蛋。系列：数码宝贝。阶段基调：灵胎初醒，#4A3A2A 主色、#C4A672 辅色，渺小、独行、破败背景，必有孤灯/破庙。风格：儿童友好的 2.5D 卡通渲染，柔和渐变背景，居中全身像，正面 3/4 视角，无文字。画布：800×1000 竖版，角色主体占 60% 居中偏下。"
"cyber_cat","迪路兽","baby","凡尘砺心","迪路兽 的 凡尘砺心 阶段。外形：咪罗兽·成长。系列：数码宝贝。阶段基调：凡尘砺心，#5B6B7A 主色、#8A9BA8 辅色，行路、风雨、远山，必有雨/风。风格：儿童友好的 2.5D 卡通渲染，柔和渐变背景，居中全身像，正面 3/4 视角，无文字。画布：800×1000 竖版，角色主体占 60% 居中偏下。"
"cyber_cat","迪路兽","growing","道法初成","迪路兽 的 道法初成 阶段。外形：迪路兽·敏捷。系列：数码宝贝。阶段基调：道法初成，#C44B2A 主色、#E8B84B 辅色，光芒初绽、首胜、昂首，必有光芒/法器。风格：儿童友好的 2.5D 卡通渲染，柔和渐变背景，居中全身像，正面 3/4 视角，无文字。画布：800×1000 竖版，角色主体占 60% 居中偏下。"
"cyber_cat","迪路兽","mature","大劫淬炼","迪路兽 的 大劫淬炼 阶段。外形：猫人兽·雷霆。系列：数码宝贝。阶段基调：大劫淬炼，#1A0A0A 主色、#8B1A1A 辅色，碎裂、坠落、血与火，必有火焰/裂痕。风格：儿童友好的 2.5D 卡通渲染，柔和渐变背景，居中全身像，正面 3/4 视角，无文字。画布：800×1000 竖版，角色主体占 60% 居中偏下。"
"cyber_cat","迪路兽","legendary","封神登天","迪路兽 的 封神登天 阶段。外形：神圣天女兽·圣光。系列：数码宝贝。阶段基调：封神登天，#5B2A8A 主色、#F5D742 辅色，冠冕、宝座、万众仰视，必有冠冕/神位。风格：儿童友好的 2.5D 卡通渲染，柔和渐变背景，居中全身像，正面 3/4 视角，无文字。画布：800×1000 竖版，角色主体占 60% 居中偏下。"
"cyber_cat","迪路兽","transcendent","归真永恒","迪路兽 的 归真永恒 阶段。外形：圣龙兽·光明。系列：数码宝贝。阶段基调：归真永恒，#F5F0E8 主色、#8A9BA8 辅色，清风、青山、无我之相，必有山水/清风。风格：儿童友好的 2.5D 卡通渲染，柔和渐变背景，居中全身像，正面 3/4 视角，无文字。画布：800×1000 竖版，角色主体占 60% 居中偏下。"
"space_mecha","巴达兽","egg","灵胎初醒","巴达兽 的 灵胎初醒 阶段。外形：数码蛋。系列：数码宝贝。阶段基调：灵胎初醒，#4A3A2A 主色、#C4A672 辅色，渺小、独行、破败背景，必有孤灯/破庙。风格：儿童友好的 2.5D 卡通渲染，柔和渐变背景，居中全身像，正面 3/4 视角，无文字。画布：800×1000 竖版，角色主体占 60% 居中偏下。"
"space_mecha","巴达兽","baby","凡尘砺心","巴达兽 的 凡尘砺心 阶段。外形：浮球兽·成长。系列：数码宝贝。阶段基调：凡尘砺心，#5B6B7A 主色、#8A9BA8 辅色，行路、风雨、远山，必有雨/风。风格：儿童友好的 2.5D 卡通渲染，柔和渐变背景，居中全身像，正面 3/4 视角，无文字。画布：800×1000 竖版，角色主体占 60% 居中偏下。"
"space_mecha","巴达兽","growing","道法初成","巴达兽 的 道法初成 阶段。外形：巴达兽·轻盈。系列：数码宝贝。阶段基调：道法初成，#C44B2A 主色、#E8B84B 辅色，光芒初绽、首胜、昂首，必有光芒/法器。风格：儿童友好的 2.5D 卡通渲染，柔和渐变背景，居中全身像，正面 3/4 视角，无文字。画布：800×1000 竖版，角色主体占 60% 居中偏下。"
"space_mecha","巴达兽","mature","大劫淬炼","巴达兽 的 大劫淬炼 阶段。外形：天使兽·圣杖。系列：数码宝贝。阶段基调：大劫淬炼，#1A0A0A 主色、#8B1A1A 辅色，碎裂、坠落、血与火，必有火焰/裂痕。风格：儿童友好的 2.5D 卡通渲染，柔和渐变背景，居中全身像，正面 3/4 视角，无文字。画布：800×1000 竖版，角色主体占 60% 居中偏下。"
"space_mecha","巴达兽","legendary","封神登天","巴达兽 的 封神登天 阶段。外形：神圣天使兽·审判。系列：数码宝贝。阶段基调：封神登天，#5B2A8A 主色、#F5D742 辅色，冠冕、宝座、万众仰视，必有冠冕/神位。风格：儿童友好的 2.5D 卡通渲染，柔和渐变背景，居中全身像，正面 3/4 视角，无文字。画布：800×1000 竖版，角色主体占 60% 居中偏下。"
"space_mecha","巴达兽","transcendent","归真永恒","巴达兽 的 归真永恒 阶段。外形：炽天使兽·希望。系列：数码宝贝。阶段基调：归真永恒，#F5F0E8 主色、#8A9BA8 辅色，清风、青山、无我之相，必有山水/清风。风格：儿童友好的 2.5D 卡通渲染，柔和渐变背景，居中全身像，正面 3/4 视角，无文字。画布：800×1000 竖版，角色主体占 60% 居中偏下。"
"quantum_beast","加布兽","egg","灵胎初醒","加布兽 的 灵胎初醒 阶段。外形：数码蛋。系列：数码宝贝。阶段基调：灵胎初醒，#4A3A2A 主色、#C4A672 辅色，渺小、独行、破败背景，必有孤灯/破庙。风格：儿童友好的 2.5D 卡通渲染，柔和渐变背景，居中全身像，正面 3/4 视角，无文字。画布：800×1000 竖版，角色主体占 60% 居中偏下。"
"quantum_beast","加布兽","baby","凡尘砺心","加布兽 的 凡尘砺心 阶段。外形：独角兽·成长。系列：数码宝贝。阶段基调：凡尘砺心，#5B6B7A 主色、#8A9BA8 辅色，行路、风雨、远山，必有雨/风。风格：儿童友好的 2.5D 卡通渲染，柔和渐变背景，居中全身像，正面 3/4 视角，无文字。画布：800×1000 竖版，角色主体占 60% 居中偏下。"
"quantum_beast","加布兽","growing","道法初成","加布兽 的 道法初成 阶段。外形：加布兽·机敏。系列：数码宝贝。阶段基调：道法初成，#C44B2A 主色、#E8B84B 辅色，光芒初绽、首胜、昂首，必有光芒/法器。风格：儿童友好的 2.5D 卡通渲染，柔和渐变背景，居中全身像，正面 3/4 视角，无文字。画布：800×1000 竖版，角色主体占 60% 居中偏下。"
"quantum_beast","加布兽","mature","大劫淬炼","加布兽 的 大劫淬炼 阶段。外形：加鲁鲁兽·狂岚。系列：数码宝贝。阶段基调：大劫淬炼，#1A0A0A 主色、#8B1A1A 辅色，碎裂、坠落、血与火，必有火焰/裂痕。风格：儿童友好的 2.5D 卡通渲染，柔和渐变背景，居中全身像，正面 3/4 视角，无文字。画布：800×1000 竖版，角色主体占 60% 居中偏下。"
"quantum_beast","加布兽","legendary","封神登天","加布兽 的 封神登天 阶段。外形：兽人加鲁鲁·月狼。系列：数码宝贝。阶段基调：封神登天，#5B2A8A 主色、#F5D742 辅色，冠冕、宝座、万众仰视，必有冠冕/神位。风格：儿童友好的 2.5D 卡通渲染，柔和渐变背景，居中全身像，正面 3/4 视角，无文字。画布：800×1000 竖版，角色主体占 60% 居中偏下。"
"quantum_beast","加布兽","transcendent","归真永恒","加布兽 的 归真永恒 阶段。外形：钢铁加鲁鲁兽·友情。系列：数码宝贝。阶段基调：归真永恒，#F5F0E8 主色、#8A9BA8 辅色，清风、青山、无我之相，必有山水/清风。风格：儿童友好的 2.5D 卡通渲染，柔和渐变背景，居中全身像，正面 3/4 视角，无文字。画布：800×1000 竖版，角色主体占 60% 居中偏下。"
"digital_phoenix","比丘兽","egg","灵胎初醒","比丘兽 的 灵胎初醒 阶段。外形：数码蛋。系列：数码宝贝。阶段基调：灵胎初醒，#4A3A2A 主色、#C4A672 辅色，渺小、独行、破败背景，必有孤灯/破庙。风格：儿童友好的 2.5D 卡通渲染，柔和渐变背景，居中全身像，正面 3/4 视角，无文字。画布：800×1000 竖版，角色主体占 60% 居中偏下。"
"digital_phoenix","比丘兽","baby","凡尘砺心","比丘兽 的 凡尘砺心 阶段。外形：皮皮兽·成长。系列：数码宝贝。阶段基调：凡尘砺心，#5B6B7A 主色、#8A9BA8 辅色，行路、风雨、远山，必有雨/风。风格：儿童友好的 2.5D 卡通渲染，柔和渐变背景，居中全身像，正面 3/4 视角，无文字。画布：800×1000 竖版，角色主体占 60% 居中偏下。"
"digital_phoenix","比丘兽","growing","道法初成","比丘兽 的 道法初成 阶段。外形：比丘兽·鸣唱。系列：数码宝贝。阶段基调：道法初成，#C44B2A 主色、#E8B84B 辅色，光芒初绽、首胜、昂首，必有光芒/法器。风格：儿童友好的 2.5D 卡通渲染，柔和渐变背景，居中全身像，正面 3/4 视角，无文字。画布：800×1000 竖版，角色主体占 60% 居中偏下。"
"digital_phoenix","比丘兽","mature","大劫淬炼","比丘兽 的 大劫淬炼 阶段。外形：巴多拉兽·烈焰。系列：数码宝贝。阶段基调：大劫淬炼，#1A0A0A 主色、#8B1A1A 辅色，碎裂、坠落、血与火，必有火焰/裂痕。风格：儿童友好的 2.5D 卡通渲染，柔和渐变背景，居中全身像，正面 3/4 视角，无文字。画布：800×1000 竖版，角色主体占 60% 居中偏下。"
"digital_phoenix","比丘兽","legendary","封神登天","比丘兽 的 封神登天 阶段。外形：伽楼达兽·疾风。系列：数码宝贝。阶段基调：封神登天，#5B2A8A 主色、#F5D742 辅色，冠冕、宝座、万众仰视，必有冠冕/神位。风格：儿童友好的 2.5D 卡通渲染，柔和渐变背景，居中全身像，正面 3/4 视角，无文字。画布：800×1000 竖版，角色主体占 60% 居中偏下。"
"digital_phoenix","比丘兽","transcendent","归真永恒","比丘兽 的 归真永恒 阶段。外形：凤凰兽·涅槃。系列：数码宝贝。阶段基调：归真永恒，#F5F0E8 主色、#8A9BA8 辅色，清风、青山、无我之相，必有山水/清风。风格：儿童友好的 2.5D 卡通渲染，柔和渐变背景，居中全身像，正面 3/4 视角，无文字。画布：800×1000 竖版，角色主体占 60% 居中偏下。"
"mecha_shark","哥玛兽","egg","灵胎初醒","哥玛兽 的 灵胎初醒 阶段。外形：数码蛋。系列：数码宝贝。阶段基调：灵胎初醒，#4A3A2A 主色、#C4A672 辅色，渺小、独行、破败背景，必有孤灯/破庙。风格：儿童友好的 2.5D 卡通渲染，柔和渐变背景，居中全身像，正面 3/4 视角，无文字。画布：800×1000 竖版，角色主体占 60% 居中偏下。"
"mecha_shark","哥玛兽","baby","凡尘砺心","哥玛兽 的 凡尘砺心 阶段。外形：噗噗兽·成长。系列：数码宝贝。阶段基调：凡尘砺心，#5B6B7A 主色、#8A9BA8 辅色，行路、风雨、远山，必有雨/风。风格：儿童友好的 2.5D 卡通渲染，柔和渐变背景，居中全身像，正面 3/4 视角，无文字。画布：800×1000 竖版，角色主体占 60% 居中偏下。"
"mecha_shark","哥玛兽","growing","道法初成","哥玛兽 的 道法初成 阶段。外形：哥玛兽·潜水。系列：数码宝贝。阶段基调：道法初成，#C44B2A 主色、#E8B84B 辅色，光芒初绽、首胜、昂首，必有光芒/法器。风格：儿童友好的 2.5D 卡通渲染，柔和渐变背景，居中全身像，正面 3/4 视角，无文字。画布：800×1000 竖版，角色主体占 60% 居中偏下。"
"mecha_shark","哥玛兽","mature","大劫淬炼","哥玛兽 的 大劫淬炼 阶段。外形：海狮兽·破浪。系列：数码宝贝。阶段基调：大劫淬炼，#1A0A0A 主色、#8B1A1A 辅色，碎裂、坠落、血与火，必有火焰/裂痕。风格：儿童友好的 2.5D 卡通渲染，柔和渐变背景，居中全身像，正面 3/4 视角，无文字。画布：800×1000 竖版，角色主体占 60% 居中偏下。"
"mecha_shark","哥玛兽","legendary","封神登天","哥玛兽 的 封神登天 阶段。外形：祖顿兽·重锤。系列：数码宝贝。阶段基调：封神登天，#5B2A8A 主色、#F5D742 辅色，冠冕、宝座、万众仰视，必有冠冕/神位。风格：儿童友好的 2.5D 卡通渲染，柔和渐变背景，居中全身像，正面 3/4 视角，无文字。画布：800×1000 竖版，角色主体占 60% 居中偏下。"
"mecha_shark","哥玛兽","transcendent","归真永恒","哥玛兽 的 归真永恒 阶段。外形：维京兽·咆哮。系列：数码宝贝。阶段基调：归真永恒，#F5F0E8 主色、#8A9BA8 辅色，清风、青山、无我之相，必有山水/清风。风格：儿童友好的 2.5D 卡通渲染，柔和渐变背景，居中全身像，正面 3/4 视角，无文字。画布：800×1000 竖版，角色主体占 60% 居中偏下。"
"unicorn","独角兽","egg","灵胎初醒","独角兽 的 灵胎初醒 阶段。外形：星光种子。系列：魔法奇幻。阶段基调：灵胎初醒，#4A3A2A 主色、#C4A672 辅色，渺小、独行、破败背景，必有孤灯/破庙。风格：儿童友好的 2.5D 卡通渲染，柔和渐变背景，居中全身像，正面 3/4 视角，无文字。画布：800×1000 竖版，角色主体占 60% 居中偏下。"
"unicorn","独角兽","baby","凡尘砺心","独角兽 的 凡尘砺心 阶段。外形：白色小驹。系列：魔法奇幻。阶段基调：凡尘砺心，#5B6B7A 主色、#8A9BA8 辅色，行路、风雨、远山，必有雨/风。风格：儿童友好的 2.5D 卡通渲染，柔和渐变背景，居中全身像，正面 3/4 视角，无文字。画布：800×1000 竖版，角色主体占 60% 居中偏下。"
"unicorn","独角兽","growing","道法初成","独角兽 的 道法初成 阶段。外形：角光初现。系列：魔法奇幻。阶段基调：道法初成，#C44B2A 主色、#E8B84B 辅色，光芒初绽、首胜、昂首，必有光芒/法器。风格：儿童友好的 2.5D 卡通渲染，柔和渐变背景，居中全身像，正面 3/4 视角，无文字。画布：800×1000 竖版，角色主体占 60% 居中偏下。"
"unicorn","独角兽","mature","大劫淬炼","独角兽 的 大劫淬炼 阶段。外形：彩虹鬃毛。系列：魔法奇幻。阶段基调：大劫淬炼，#1A0A0A 主色、#8B1A1A 辅色，碎裂、坠落、血与火，必有火焰/裂痕。风格：儿童友好的 2.5D 卡通渲染，柔和渐变背景，居中全身像，正面 3/4 视角，无文字。画布：800×1000 竖版，角色主体占 60% 居中偏下。"
"unicorn","独角兽","legendary","封神登天","独角兽 的 封神登天 阶段。外形：星夜独角兽。系列：魔法奇幻。阶段基调：封神登天，#5B2A8A 主色、#F5D742 辅色，冠冕、宝座、万众仰视，必有冠冕/神位。风格：儿童友好的 2.5D 卡通渲染，柔和渐变背景，居中全身像，正面 3/4 视角，无文字。画布：800×1000 竖版，角色主体占 60% 居中偏下。"
"unicorn","独角兽","transcendent","归真永恒","独角兽 的 归真永恒 阶段。外形：永恒独角兽。系列：魔法奇幻。阶段基调：归真永恒，#F5F0E8 主色、#8A9BA8 辅色，清风、青山、无我之相，必有山水/清风。风格：儿童友好的 2.5D 卡通渲染，柔和渐变背景，居中全身像，正面 3/4 视角，无文字。画布：800×1000 竖版，角色主体占 60% 居中偏下。"
"wyvern","飞龙","egg","灵胎初醒","飞龙 的 灵胎初醒 阶段。外形：龙蛋。系列：魔法奇幻。阶段基调：灵胎初醒，#4A3A2A 主色、#C4A672 辅色，渺小、独行、破败背景，必有孤灯/破庙。风格：儿童友好的 2.5D 卡通渲染，柔和渐变背景，居中全身像，正面 3/4 视角，无文字。画布：800×1000 竖版，角色主体占 60% 居中偏下。"
"wyvern","飞龙","baby","凡尘砺心","飞龙 的 凡尘砺心 阶段。外形：翼芽。系列：魔法奇幻。阶段基调：凡尘砺心，#5B6B7A 主色、#8A9BA8 辅色，行路、风雨、远山，必有雨/风。风格：儿童友好的 2.5D 卡通渲染，柔和渐变背景，居中全身像，正面 3/4 视角，无文字。画布：800×1000 竖版，角色主体占 60% 居中偏下。"
"wyvern","飞龙","growing","道法初成","飞龙 的 道法初成 阶段。外形：火焰龙。系列：魔法奇幻。阶段基调：道法初成，#C44B2A 主色、#E8B84B 辅色，光芒初绽、首胜、昂首，必有光芒/法器。风格：儿童友好的 2.5D 卡通渲染，柔和渐变背景，居中全身像，正面 3/4 视角，无文字。画布：800×1000 竖版，角色主体占 60% 居中偏下。"
"wyvern","飞龙","mature","大劫淬炼","飞龙 的 大劫淬炼 阶段。外形：雷龙。系列：魔法奇幻。阶段基调：大劫淬炼，#1A0A0A 主色、#8B1A1A 辅色，碎裂、坠落、血与火，必有火焰/裂痕。风格：儿童友好的 2.5D 卡通渲染，柔和渐变背景，居中全身像，正面 3/4 视角，无文字。画布：800×1000 竖版，角色主体占 60% 居中偏下。"
"wyvern","飞龙","legendary","封神登天","飞龙 的 封神登天 阶段。外形：古龙。系列：魔法奇幻。阶段基调：封神登天，#5B2A8A 主色、#F5D742 辅色，冠冕、宝座、万众仰视，必有冠冕/神位。风格：儿童友好的 2.5D 卡通渲染，柔和渐变背景，居中全身像，正面 3/4 视角，无文字。画布：800×1000 竖版，角色主体占 60% 居中偏下。"
"wyvern","飞龙","transcendent","归真永恒","飞龙 的 归真永恒 阶段。外形：太古龙。系列：魔法奇幻。阶段基调：归真永恒，#F5F0E8 主色、#8A9BA8 辅色，清风、青山、无我之相，必有山水/清风。风格：儿童友好的 2.5D 卡通渲染，柔和渐变背景，居中全身像，正面 3/4 视角，无文字。画布：800×1000 竖版，角色主体占 60% 居中偏下。"
"fairy","精灵","egg","灵胎初醒","精灵 的 灵胎初醒 阶段。外形：花苞。系列：魔法奇幻。阶段基调：灵胎初醒，#4A3A2A 主色、#C4A672 辅色，渺小、独行、破败背景，必有孤灯/破庙。风格：儿童友好的 2.5D 卡通渲染，柔和渐变背景，居中全身像，正面 3/4 视角，无文字。画布：800×1000 竖版，角色主体占 60% 居中偏下。"
"fairy","精灵","baby","凡尘砺心","精灵 的 凡尘砺心 阶段。外形：叶精灵。系列：魔法奇幻。阶段基调：凡尘砺心，#5B6B7A 主色、#8A9BA8 辅色，行路、风雨、远山，必有雨/风。风格：儿童友好的 2.5D 卡通渲染，柔和渐变背景，居中全身像，正面 3/4 视角，无文字。画布：800×1000 竖版，角色主体占 60% 居中偏下。"
"fairy","精灵","growing","道法初成","精灵 的 道法初成 阶段。外形：暗精灵。系列：魔法奇幻。阶段基调：道法初成，#C44B2A 主色、#E8B84B 辅色，光芒初绽、首胜、昂首，必有光芒/法器。风格：儿童友好的 2.5D 卡通渲染，柔和渐变背景，居中全身像，正面 3/4 视角，无文字。画布：800×1000 竖版，角色主体占 60% 居中偏下。"
"fairy","精灵","mature","大劫淬炼","精灵 的 大劫淬炼 阶段。外形：火精灵。系列：魔法奇幻。阶段基调：大劫淬炼，#1A0A0A 主色、#8B1A1A 辅色，碎裂、坠落、血与火，必有火焰/裂痕。风格：儿童友好的 2.5D 卡通渲染，柔和渐变背景，居中全身像，正面 3/4 视角，无文字。画布：800×1000 竖版，角色主体占 60% 居中偏下。"
"fairy","精灵","legendary","封神登天","精灵 的 封神登天 阶段。外形：大地精灵。系列：魔法奇幻。阶段基调：封神登天，#5B2A8A 主色、#F5D742 辅色，冠冕、宝座、万众仰视，必有冠冕/神位。风格：儿童友好的 2.5D 卡通渲染，柔和渐变背景，居中全身像，正面 3/4 视角，无文字。画布：800×1000 竖版，角色主体占 60% 居中偏下。"
"fairy","精灵","transcendent","归真永恒","精灵 的 归真永恒 阶段。外形：森林之子。系列：魔法奇幻。阶段基调：归真永恒，#F5F0E8 主色、#8A9BA8 辅色，清风、青山、无我之相，必有山水/清风。风格：儿童友好的 2.5D 卡通渲染，柔和渐变背景，居中全身像，正面 3/4 视角，无文字。画布：800×1000 竖版，角色主体占 60% 居中偏下。"
"treant","树人","egg","灵胎初醒","树人 的 灵胎初醒 阶段。外形：种子。系列：魔法奇幻。阶段基调：灵胎初醒，#4A3A2A 主色、#C4A672 辅色，渺小、独行、破败背景，必有孤灯/破庙。风格：儿童友好的 2.5D 卡通渲染，柔和渐变背景，居中全身像，正面 3/4 视角，无文字。画布：800×1000 竖版，角色主体占 60% 居中偏下。"
"treant","树人","baby","凡尘砺心","树人 的 凡尘砺心 阶段。外形：小树苗。系列：魔法奇幻。阶段基调：凡尘砺心，#5B6B7A 主色、#8A9BA8 辅色，行路、风雨、远山，必有雨/风。风格：儿童友好的 2.5D 卡通渲染，柔和渐变背景，居中全身像，正面 3/4 视角，无文字。画布：800×1000 竖版，角色主体占 60% 居中偏下。"
"treant","树人","growing","道法初成","树人 的 道法初成 阶段。外形：树人。系列：魔法奇幻。阶段基调：道法初成，#C44B2A 主色、#E8B84B 辅色，光芒初绽、首胜、昂首，必有光芒/法器。风格：儿童友好的 2.5D 卡通渲染，柔和渐变背景，居中全身像，正面 3/4 视角，无文字。画布：800×1000 竖版，角色主体占 60% 居中偏下。"
"treant","树人","mature","大劫淬炼","树人 的 大劫淬炼 阶段。外形：古树人。系列：魔法奇幻。阶段基调：大劫淬炼，#1A0A0A 主色、#8B1A1A 辅色，碎裂、坠落、血与火，必有火焰/裂痕。风格：儿童友好的 2.5D 卡通渲染，柔和渐变背景，居中全身像，正面 3/4 视角，无文字。画布：800×1000 竖版，角色主体占 60% 居中偏下。"
"treant","树人","legendary","封神登天","树人 的 封神登天 阶段。外形：森林卫士。系列：魔法奇幻。阶段基调：封神登天，#5B2A8A 主色、#F5D742 辅色，冠冕、宝座、万众仰视，必有冠冕/神位。风格：儿童友好的 2.5D 卡通渲染，柔和渐变背景，居中全身像，正面 3/4 视角，无文字。画布：800×1000 竖版，角色主体占 60% 居中偏下。"
"treant","树人","transcendent","归真永恒","树人 的 归真永恒 阶段。外形：世界树幼苗。系列：魔法奇幻。阶段基调：归真永恒，#F5F0E8 主色、#8A9BA8 辅色，清风、青山、无我之相，必有山水/清风。风格：儿童友好的 2.5D 卡通渲染，柔和渐变背景，居中全身像，正面 3/4 视角，无文字。画布：800×1000 竖版，角色主体占 60% 居中偏下。"
"griffin","狮鹫","egg","灵胎初醒","狮鹫 的 灵胎初醒 阶段。外形：狮鹫蛋。系列：魔法奇幻。阶段基调：灵胎初醒，#4A3A2A 主色、#C4A672 辅色，渺小、独行、破败背景，必有孤灯/破庙。风格：儿童友好的 2.5D 卡通渲染，柔和渐变背景，居中全身像，正面 3/4 视角，无文字。画布：800×1000 竖版，角色主体占 60% 居中偏下。"
"griffin","狮鹫","baby","凡尘砺心","狮鹫 的 凡尘砺心 阶段。外形：羽翼初长。系列：魔法奇幻。阶段基调：凡尘砺心，#5B6B7A 主色、#8A9BA8 辅色，行路、风雨、远山，必有雨/风。风格：儿童友好的 2.5D 卡通渲染，柔和渐变背景，居中全身像，正面 3/4 视角，无文字。画布：800×1000 竖版，角色主体占 60% 居中偏下。"
"griffin","狮鹫","growing","道法初成","狮鹫 的 道法初成 阶段。外形：金翼狮鹫。系列：魔法奇幻。阶段基调：道法初成，#C44B2A 主色、#E8B84B 辅色，光芒初绽、首胜、昂首，必有光芒/法器。风格：儿童友好的 2.5D 卡通渲染，柔和渐变背景，居中全身像，正面 3/4 视角，无文字。画布：800×1000 竖版，角色主体占 60% 居中偏下。"
"griffin","狮鹫","mature","大劫淬炼","狮鹫 的 大劫淬炼 阶段。外形：皇家狮鹫。系列：魔法奇幻。阶段基调：大劫淬炼，#1A0A0A 主色、#8B1A1A 辅色，碎裂、坠落、血与火，必有火焰/裂痕。风格：儿童友好的 2.5D 卡通渲染，柔和渐变背景，居中全身像，正面 3/4 视角，无文字。画布：800×1000 竖版，角色主体占 60% 居中偏下。"
"griffin","狮鹫","legendary","封神登天","狮鹫 的 封神登天 阶段。外形：雷光狮鹫。系列：魔法奇幻。阶段基调：封神登天，#5B2A8A 主色、#F5D742 辅色，冠冕、宝座、万众仰视，必有冠冕/神位。风格：儿童友好的 2.5D 卡通渲染，柔和渐变背景，居中全身像，正面 3/4 视角，无文字。画布：800×1000 竖版，角色主体占 60% 居中偏下。"
"griffin","狮鹫","transcendent","归真永恒","狮鹫 的 归真永恒 阶段。外形：神圣狮鹫。系列：魔法奇幻。阶段基调：归真永恒，#F5F0E8 主色、#8A9BA8 辅色，清风、青山、无我之相，必有山水/清风。风格：儿童友好的 2.5D 卡通渲染，柔和渐变背景，居中全身像，正面 3/4 视角，无文字。画布：800×1000 竖版，角色主体占 60% 居中偏下。"
"mermaid","美人鱼","egg","灵胎初醒","美人鱼 的 灵胎初醒 阶段。外形：珍珠。系列：魔法奇幻。阶段基调：灵胎初醒，#4A3A2A 主色、#C4A672 辅色，渺小、独行、破败背景，必有孤灯/破庙。风格：儿童友好的 2.5D 卡通渲染，柔和渐变背景，居中全身像，正面 3/4 视角，无文字。画布：800×1000 竖版，角色主体占 60% 居中偏下。"
"mermaid","美人鱼","baby","凡尘砺心","美人鱼 的 凡尘砺心 阶段。外形：鳞光。系列：魔法奇幻。阶段基调：凡尘砺心，#5B6B7A 主色、#8A9BA8 辅色，行路、风雨、远山，必有雨/风。风格：儿童友好的 2.5D 卡通渲染，柔和渐变背景，居中全身像，正面 3/4 视角，无文字。画布：800×1000 竖版，角色主体占 60% 居中偏下。"
"mermaid","美人鱼","growing","道法初成","美人鱼 的 道法初成 阶段。外形：海妖。系列：魔法奇幻。阶段基调：道法初成，#C44B2A 主色、#E8B84B 辅色，光芒初绽、首胜、昂首，必有光芒/法器。风格：儿童友好的 2.5D 卡通渲染，柔和渐变背景，居中全身像，正面 3/4 视角，无文字。画布：800×1000 竖版，角色主体占 60% 居中偏下。"
"mermaid","美人鱼","mature","大劫淬炼","美人鱼 的 大劫淬炼 阶段。外形：珊瑚公主。系列：魔法奇幻。阶段基调：大劫淬炼，#1A0A0A 主色、#8B1A1A 辅色，碎裂、坠落、血与火，必有火焰/裂痕。风格：儿童友好的 2.5D 卡通渲染，柔和渐变背景，居中全身像，正面 3/4 视角，无文字。画布：800×1000 竖版，角色主体占 60% 居中偏下。"
"mermaid","美人鱼","legendary","封神登天","美人鱼 的 封神登天 阶段。外形：人鱼女王。系列：魔法奇幻。阶段基调：封神登天，#5B2A8A 主色、#F5D742 辅色，冠冕、宝座、万众仰视，必有冠冕/神位。风格：儿童友好的 2.5D 卡通渲染，柔和渐变背景，居中全身像，正面 3/4 视角，无文字。画布：800×1000 竖版，角色主体占 60% 居中偏下。"
"mermaid","美人鱼","transcendent","归真永恒","美人鱼 的 归真永恒 阶段。外形：大洋之魂。系列：魔法奇幻。阶段基调：归真永恒，#F5F0E8 主色、#8A9BA8 辅色，清风、青山、无我之相，必有山水/清风。风格：儿童友好的 2.5D 卡通渲染，柔和渐变背景，居中全身像，正面 3/4 视角，无文字。画布：800×1000 竖版，角色主体占 60% 居中偏下。"
"t_rex","霸王龙","egg","灵胎初醒","霸王龙 的 灵胎初醒 阶段。外形：化石蛋。系列：史前生物。阶段基调：灵胎初醒，#4A3A2A 主色、#C4A672 辅色，渺小、独行、破败背景，必有孤灯/破庙。风格：儿童友好的 2.5D 卡通渲染，柔和渐变背景，居中全身像，正面 3/4 视角，无文字。画布：800×1000 竖版，角色主体占 60% 居中偏下。"
"t_rex","霸王龙","baby","凡尘砺心","霸王龙 的 凡尘砺心 阶段。外形：幼年暴龙。系列：史前生物。阶段基调：凡尘砺心，#5B6B7A 主色、#8A9BA8 辅色，行路、风雨、远山，必有雨/风。风格：儿童友好的 2.5D 卡通渲染，柔和渐变背景，居中全身像，正面 3/4 视角，无文字。画布：800×1000 竖版，角色主体占 60% 居中偏下。"
"t_rex","霸王龙","growing","道法初成","霸王龙 的 道法初成 阶段。外形：追赶者。系列：史前生物。阶段基调：道法初成，#C44B2A 主色、#E8B84B 辅色，光芒初绽、首胜、昂首，必有光芒/法器。风格：儿童友好的 2.5D 卡通渲染，柔和渐变背景，居中全身像，正面 3/4 视角，无文字。画布：800×1000 竖版，角色主体占 60% 居中偏下。"
"t_rex","霸王龙","mature","大劫淬炼","霸王龙 的 大劫淬炼 阶段。外形：领地之王。系列：史前生物。阶段基调：大劫淬炼，#1A0A0A 主色、#8B1A1A 辅色，碎裂、坠落、血与火，必有火焰/裂痕。风格：儿童友好的 2.5D 卡通渲染，柔和渐变背景，居中全身像，正面 3/4 视角，无文字。画布：800×1000 竖版，角色主体占 60% 居中偏下。"
"t_rex","霸王龙","legendary","封神登天","霸王龙 的 封神登天 阶段。外形：白垩纪领主。系列：史前生物。阶段基调：封神登天，#5B2A8A 主色、#F5D742 辅色，冠冕、宝座、万众仰视，必有冠冕/神位。风格：儿童友好的 2.5D 卡通渲染，柔和渐变背景，居中全身像，正面 3/4 视角，无文字。画布：800×1000 竖版，角色主体占 60% 居中偏下。"
"t_rex","霸王龙","transcendent","归真永恒","霸王龙 的 归真永恒 阶段。外形：终极掠食者。系列：史前生物。阶段基调：归真永恒，#F5F0E8 主色、#8A9BA8 辅色，清风、青山、无我之相，必有山水/清风。风格：儿童友好的 2.5D 卡通渲染，柔和渐变背景，居中全身像，正面 3/4 视角，无文字。画布：800×1000 竖版，角色主体占 60% 居中偏下。"
"triceratops","三角龙","egg","灵胎初醒","三角龙 的 灵胎初醒 阶段。外形：角蛋。系列：史前生物。阶段基调：灵胎初醒，#4A3A2A 主色、#C4A672 辅色，渺小、独行、破败背景，必有孤灯/破庙。风格：儿童友好的 2.5D 卡通渲染，柔和渐变背景，居中全身像，正面 3/4 视角，无文字。画布：800×1000 竖版，角色主体占 60% 居中偏下。"
"triceratops","三角龙","baby","凡尘砺心","三角龙 的 凡尘砺心 阶段。外形：头盾初现。系列：史前生物。阶段基调：凡尘砺心，#5B6B7A 主色、#8A9BA8 辅色，行路、风雨、远山，必有雨/风。风格：儿童友好的 2.5D 卡通渲染，柔和渐变背景，居中全身像，正面 3/4 视角，无文字。画布：800×1000 竖版，角色主体占 60% 居中偏下。"
"triceratops","三角龙","growing","道法初成","三角龙 的 道法初成 阶段。外形：盾甲龙。系列：史前生物。阶段基调：道法初成，#C44B2A 主色、#E8B84B 辅色，光芒初绽、首胜、昂首，必有光芒/法器。风格：儿童友好的 2.5D 卡通渲染，柔和渐变背景，居中全身像，正面 3/4 视角，无文字。画布：800×1000 竖版，角色主体占 60% 居中偏下。"
"triceratops","三角龙","mature","大劫淬炼","三角龙 的 大劫淬炼 阶段。外形：铁头龙。系列：史前生物。阶段基调：大劫淬炼，#1A0A0A 主色、#8B1A1A 辅色，碎裂、坠落、血与火，必有火焰/裂痕。风格：儿童友好的 2.5D 卡通渲染，柔和渐变背景，居中全身像，正面 3/4 视角，无文字。画布：800×1000 竖版，角色主体占 60% 居中偏下。"
"triceratops","三角龙","legendary","封神登天","三角龙 的 封神登天 阶段。外形：群首领。系列：史前生物。阶段基调：封神登天，#5B2A8A 主色、#F5D742 辅色，冠冕、宝座、万众仰视，必有冠冕/神位。风格：儿童友好的 2.5D 卡通渲染，柔和渐变背景，居中全身像，正面 3/4 视角，无文字。画布：800×1000 竖版，角色主体占 60% 居中偏下。"
"triceratops","三角龙","transcendent","归真永恒","三角龙 的 归真永恒 阶段。外形：化石之王。系列：史前生物。阶段基调：归真永恒，#F5F0E8 主色、#8A9BA8 辅色，清风、青山、无我之相，必有山水/清风。风格：儿童友好的 2.5D 卡通渲染，柔和渐变背景，居中全身像，正面 3/4 视角，无文字。画布：800×1000 竖版，角色主体占 60% 居中偏下。"
"pterosaur","翼龙","egg","灵胎初醒","翼龙 的 灵胎初醒 阶段。外形：飞卵。系列：史前生物。阶段基调：灵胎初醒，#4A3A2A 主色、#C4A672 辅色，渺小、独行、破败背景，必有孤灯/破庙。风格：儿童友好的 2.5D 卡通渲染，柔和渐变背景，居中全身像，正面 3/4 视角，无文字。画布：800×1000 竖版，角色主体占 60% 居中偏下。"
"pterosaur","翼龙","baby","凡尘砺心","翼龙 的 凡尘砺心 阶段。外形：翼手龙。系列：史前生物。阶段基调：凡尘砺心，#5B6B7A 主色、#8A9BA8 辅色，行路、风雨、远山，必有雨/风。风格：儿童友好的 2.5D 卡通渲染，柔和渐变背景，居中全身像，正面 3/4 视角，无文字。画布：800×1000 竖版，角色主体占 60% 居中偏下。"
"pterosaur","翼龙","growing","道法初成","翼龙 的 道法初成 阶段。外形：风神翼龙。系列：史前生物。阶段基调：道法初成，#C44B2A 主色、#E8B84B 辅色，光芒初绽、首胜、昂首，必有光芒/法器。风格：儿童友好的 2.5D 卡通渲染，柔和渐变背景，居中全身像，正面 3/4 视角，无文字。画布：800×1000 竖版，角色主体占 60% 居中偏下。"
"pterosaur","翼龙","mature","大劫淬炼","翼龙 的 大劫淬炼 阶段。外形：火焰翼龙。系列：史前生物。阶段基调：大劫淬炼，#1A0A0A 主色、#8B1A1A 辅色，碎裂、坠落、血与火，必有火焰/裂痕。风格：儿童友好的 2.5D 卡通渲染，柔和渐变背景，居中全身像，正面 3/4 视角，无文字。画布：800×1000 竖版，角色主体占 60% 居中偏下。"
"pterosaur","翼龙","legendary","封神登天","翼龙 的 封神登天 阶段。外形：王者翼龙。系列：史前生物。阶段基调：封神登天，#5B2A8A 主色、#F5D742 辅色，冠冕、宝座、万众仰视，必有冠冕/神位。风格：儿童友好的 2.5D 卡通渲染，柔和渐变背景，居中全身像，正面 3/4 视角，无文字。画布：800×1000 竖版，角色主体占 60% 居中偏下。"
"pterosaur","翼龙","transcendent","归真永恒","翼龙 的 归真永恒 阶段。外形：太古翼龙。系列：史前生物。阶段基调：归真永恒，#F5F0E8 主色、#8A9BA8 辅色，清风、青山、无我之相，必有山水/清风。风格：儿童友好的 2.5D 卡通渲染，柔和渐变背景，居中全身像，正面 3/4 视角，无文字。画布：800×1000 竖版，角色主体占 60% 居中偏下。"
"mammoth","猛犸象","egg","灵胎初醒","猛犸象 的 灵胎初醒 阶段。外形：毛蛋。系列：史前生物。阶段基调：灵胎初醒，#4A3A2A 主色、#C4A672 辅色，渺小、独行、破败背景，必有孤灯/破庙。风格：儿童友好的 2.5D 卡通渲染，柔和渐变背景，居中全身像，正面 3/4 视角，无文字。画布：800×1000 竖版，角色主体占 60% 居中偏下。"
"mammoth","猛犸象","baby","凡尘砺心","猛犸象 的 凡尘砺心 阶段。外形：象牙变长。系列：史前生物。阶段基调：凡尘砺心，#5B6B7A 主色、#8A9BA8 辅色，行路、风雨、远山，必有雨/风。风格：儿童友好的 2.5D 卡通渲染，柔和渐变背景，居中全身像，正面 3/4 视角，无文字。画布：800×1000 竖版，角色主体占 60% 居中偏下。"
"mammoth","猛犸象","growing","道法初成","猛犸象 的 道法初成 阶段。外形：冰原猛犸。系列：史前生物。阶段基调：道法初成，#C44B2A 主色、#E8B84B 辅色，光芒初绽、首胜、昂首，必有光芒/法器。风格：儿童友好的 2.5D 卡通渲染，柔和渐变背景，居中全身像，正面 3/4 视角，无文字。画布：800×1000 竖版，角色主体占 60% 居中偏下。"
"mammoth","猛犸象","mature","大劫淬炼","猛犸象 的 大劫淬炼 阶段。外形：象牙王。系列：史前生物。阶段基调：大劫淬炼，#1A0A0A 主色、#8B1A1A 辅色，碎裂、坠落、血与火，必有火焰/裂痕。风格：儿童友好的 2.5D 卡通渲染，柔和渐变背景，居中全身像，正面 3/4 视角，无文字。画布：800×1000 竖版，角色主体占 60% 居中偏下。"
"mammoth","猛犸象","legendary","封神登天","猛犸象 的 封神登天 阶段。外形：冰川之主。系列：史前生物。阶段基调：封神登天，#5B2A8A 主色、#F5D742 辅色，冠冕、宝座、万众仰视，必有冠冕/神位。风格：儿童友好的 2.5D 卡通渲染，柔和渐变背景，居中全身像，正面 3/4 视角，无文字。画布：800×1000 竖版，角色主体占 60% 居中偏下。"
"mammoth","猛犸象","transcendent","归真永恒","猛犸象 的 归真永恒 阶段。外形：远古巨兽。系列：史前生物。阶段基调：归真永恒，#F5F0E8 主色、#8A9BA8 辅色，清风、青山、无我之相，必有山水/清风。风格：儿童友好的 2.5D 卡通渲染，柔和渐变背景，居中全身像，正面 3/4 视角，无文字。画布：800×1000 竖版，角色主体占 60% 居中偏下。"
"sabertooth","剑齿虎","egg","灵胎初醒","剑齿虎 的 灵胎初醒 阶段。外形：虎卵。系列：史前生物。阶段基调：灵胎初醒，#4A3A2A 主色、#C4A672 辅色，渺小、独行、破败背景，必有孤灯/破庙。风格：儿童友好的 2.5D 卡通渲染，柔和渐变背景，居中全身像，正面 3/4 视角，无文字。画布：800×1000 竖版，角色主体占 60% 居中偏下。"
"sabertooth","剑齿虎","baby","凡尘砺心","剑齿虎 的 凡尘砺心 阶段。外形：长牙初成。系列：史前生物。阶段基调：凡尘砺心，#5B6B7A 主色、#8A9BA8 辅色，行路、风雨、远山，必有雨/风。风格：儿童友好的 2.5D 卡通渲染，柔和渐变背景，居中全身像，正面 3/4 视角，无文字。画布：800×1000 竖版，角色主体占 60% 居中偏下。"
"sabertooth","剑齿虎","growing","道法初成","剑齿虎 的 道法初成 阶段。外形：刃牙虎。系列：史前生物。阶段基调：道法初成，#C44B2A 主色、#E8B84B 辅色，光芒初绽、首胜、昂首，必有光芒/法器。风格：儿童友好的 2.5D 卡通渲染，柔和渐变背景，居中全身像，正面 3/4 视角，无文字。画布：800×1000 竖版，角色主体占 60% 居中偏下。"
"sabertooth","剑齿虎","mature","大劫淬炼","剑齿虎 的 大劫淬炼 阶段。外形：冰河猎手。系列：史前生物。阶段基调：大劫淬炼，#1A0A0A 主色、#8B1A1A 辅色，碎裂、坠落、血与火，必有火焰/裂痕。风格：儿童友好的 2.5D 卡通渲染，柔和渐变背景，居中全身像，正面 3/4 视角，无文字。画布：800×1000 竖版，角色主体占 60% 居中偏下。"
"sabertooth","剑齿虎","legendary","封神登天","剑齿虎 的 封神登天 阶段。外形：金剑齿。系列：史前生物。阶段基调：封神登天，#5B2A8A 主色、#F5D742 辅色，冠冕、宝座、万众仰视，必有冠冕/神位。风格：儿童友好的 2.5D 卡通渲染，柔和渐变背景，居中全身像，正面 3/4 视角，无文字。画布：800×1000 竖版，角色主体占 60% 居中偏下。"
"sabertooth","剑齿虎","transcendent","归真永恒","剑齿虎 的 归真永恒 阶段。外形：太古剑齿。系列：史前生物。阶段基调：归真永恒，#F5F0E8 主色、#8A9BA8 辅色，清风、青山、无我之相，必有山水/清风。风格：儿童友好的 2.5D 卡通渲染，柔和渐变背景，居中全身像，正面 3/4 视角，无文字。画布：800×1000 竖版，角色主体占 60% 居中偏下。"
"mosasaur","沧龙","egg","灵胎初醒","沧龙 的 灵胎初醒 阶段。外形：水卵。系列：史前生物。阶段基调：灵胎初醒，#4A3A2A 主色、#C4A672 辅色，渺小、独行、破败背景，必有孤灯/破庙。风格：儿童友好的 2.5D 卡通渲染，柔和渐变背景，居中全身像，正面 3/4 视角，无文字。画布：800×1000 竖版，角色主体占 60% 居中偏下。"
"mosasaur","沧龙","baby","凡尘砺心","沧龙 的 凡尘砺心 阶段。外形：鳞甲变厚。系列：史前生物。阶段基调：凡尘砺心，#5B6B7A 主色、#8A9BA8 辅色，行路、风雨、远山，必有雨/风。风格：儿童友好的 2.5D 卡通渲染，柔和渐变背景，居中全身像，正面 3/4 视角，无文字。画布：800×1000 竖版，角色主体占 60% 居中偏下。"
"mosasaur","沧龙","growing","道法初成","沧龙 的 道法初成 阶段。外形：海中霸主。系列：史前生物。阶段基调：道法初成，#C44B2A 主色、#E8B84B 辅色，光芒初绽、首胜、昂首，必有光芒/法器。风格：儿童友好的 2.5D 卡通渲染，柔和渐变背景，居中全身像，正面 3/4 视角，无文字。画布：800×1000 竖版，角色主体占 60% 居中偏下。"
"mosasaur","沧龙","mature","大劫淬炼","沧龙 的 大劫淬炼 阶段。外形：王沧。系列：史前生物。阶段基调：大劫淬炼，#1A0A0A 主色、#8B1A1A 辅色，碎裂、坠落、血与火，必有火焰/裂痕。风格：儿童友好的 2.5D 卡通渲染，柔和渐变背景，居中全身像，正面 3/4 视角，无文字。画布：800×1000 竖版，角色主体占 60% 居中偏下。"
"mosasaur","沧龙","legendary","封神登天","沧龙 的 封神登天 阶段。外形：古沧。系列：史前生物。阶段基调：封神登天，#5B2A8A 主色、#F5D742 辅色，冠冕、宝座、万众仰视，必有冠冕/神位。风格：儿童友好的 2.5D 卡通渲染，柔和渐变背景，居中全身像，正面 3/4 视角，无文字。画布：800×1000 竖版，角色主体占 60% 居中偏下。"
"mosasaur","沧龙","transcendent","归真永恒","沧龙 的 归真永恒 阶段。外形：神沧。系列：史前生物。阶段基调：归真永恒，#F5F0E8 主色、#8A9BA8 辅色，清风、青山、无我之相，必有山水/清风。风格：儿童友好的 2.5D 卡通渲染，柔和渐变背景，居中全身像，正面 3/4 视角，无文字。画布：800×1000 竖版，角色主体占 60% 居中偏下。"
"aries","白羊座·穆","egg","灵胎初醒","白羊座·穆 的 灵胎初醒 阶段。外形：星屑之种。系列：星座守护。阶段基调：灵胎初醒，#4A3A2A 主色、#C4A672 辅色，渺小、独行、破败背景，必有孤灯/破庙。风格：儿童友好的 2.5D 卡通渲染，柔和渐变背景，居中全身像，正面 3/4 视角，无文字。画布：800×1000 竖版，角色主体占 60% 居中偏下。"
"aries","白羊座·穆","baby","凡尘砺心","白羊座·穆 的 凡尘砺心 阶段。外形：念动初觉。系列：星座守护。阶段基调：凡尘砺心，#5B6B7A 主色、#8A9BA8 辅色，行路、风雨、远山，必有雨/风。风格：儿童友好的 2.5D 卡通渲染，柔和渐变背景，居中全身像，正面 3/4 视角，无文字。画布：800×1000 竖版，角色主体占 60% 居中偏下。"
"aries","白羊座·穆","growing","道法初成","白羊座·穆 的 道法初成 阶段。外形：水晶微光。系列：星座守护。阶段基调：道法初成，#C44B2A 主色、#E8B84B 辅色，光芒初绽、首胜、昂首，必有光芒/法器。风格：儿童友好的 2.5D 卡通渲染，柔和渐变背景，居中全身像，正面 3/4 视角，无文字。画布：800×1000 竖版，角色主体占 60% 居中偏下。"
"aries","白羊座·穆","mature","大劫淬炼","白羊座·穆 的 大劫淬炼 阶段。外形：水晶墙。系列：星座守护。阶段基调：大劫淬炼，#1A0A0A 主色、#8B1A1A 辅色，碎裂、坠落、血与火，必有火焰/裂痕。风格：儿童友好的 2.5D 卡通渲染，柔和渐变背景，居中全身像，正面 3/4 视角，无文字。画布：800×1000 竖版，角色主体占 60% 居中偏下。"
"aries","白羊座·穆","legendary","封神登天","白羊座·穆 的 封神登天 阶段。外形：白羊宫主。系列：星座守护。阶段基调：封神登天，#5B2A8A 主色、#F5D742 辅色，冠冕、宝座、万众仰视，必有冠冕/神位。风格：儿童友好的 2.5D 卡通渲染，柔和渐变背景，居中全身像，正面 3/4 视角，无文字。画布：800×1000 竖版，角色主体占 60% 居中偏下。"
"aries","白羊座·穆","transcendent","归真永恒","白羊座·穆 的 归真永恒 阶段。外形：星光灭绝。系列：星座守护。阶段基调：归真永恒，#F5F0E8 主色、#8A9BA8 辅色，清风、青山、无我之相，必有山水/清风。风格：儿童友好的 2.5D 卡通渲染，柔和渐变背景，居中全身像，正面 3/4 视角，无文字。画布：800×1000 竖版，角色主体占 60% 居中偏下。"
"taurus","金牛座·阿鲁迪巴","egg","灵胎初醒","金牛座·阿鲁迪巴 的 灵胎初醒 阶段。外形：星辉之种。系列：星座守护。阶段基调：灵胎初醒，#4A3A2A 主色、#C4A672 辅色，渺小、独行、破败背景，必有孤灯/破庙。风格：儿童友好的 2.5D 卡通渲染，柔和渐变背景，居中全身像，正面 3/4 视角，无文字。画布：800×1000 竖版，角色主体占 60% 居中偏下。"
"taurus","金牛座·阿鲁迪巴","baby","凡尘砺心","金牛座·阿鲁迪巴 的 凡尘砺心 阶段。外形：蛮力渐长。系列：星座守护。阶段基调：凡尘砺心，#5B6B7A 主色、#8A9BA8 辅色，行路、风雨、远山，必有雨/风。风格：儿童友好的 2.5D 卡通渲染，柔和渐变背景，居中全身像，正面 3/4 视角，无文字。画布：800×1000 竖版，角色主体占 60% 居中偏下。"
"taurus","金牛座·阿鲁迪巴","growing","道法初成","金牛座·阿鲁迪巴 的 道法初成 阶段。外形：角力初成。系列：星座守护。阶段基调：道法初成，#C44B2A 主色、#E8B84B 辅色，光芒初绽、首胜、昂首，必有光芒/法器。风格：儿童友好的 2.5D 卡通渲染，柔和渐变背景，居中全身像，正面 3/4 视角，无文字。画布：800×1000 竖版，角色主体占 60% 居中偏下。"
"taurus","金牛座·阿鲁迪巴","mature","大劫淬炼","金牛座·阿鲁迪巴 的 大劫淬炼 阶段。外形：巨型号角。系列：星座守护。阶段基调：大劫淬炼，#1A0A0A 主色、#8B1A1A 辅色，碎裂、坠落、血与火，必有火焰/裂痕。风格：儿童友好的 2.5D 卡通渲染，柔和渐变背景，居中全身像，正面 3/4 视角，无文字。画布：800×1000 竖版，角色主体占 60% 居中偏下。"
"taurus","金牛座·阿鲁迪巴","legendary","封神登天","金牛座·阿鲁迪巴 的 封神登天 阶段。外形：金牛宫主。系列：星座守护。阶段基调：封神登天，#5B2A8A 主色、#F5D742 辅色，冠冕、宝座、万众仰视，必有冠冕/神位。风格：儿童友好的 2.5D 卡通渲染，柔和渐变背景，居中全身像，正面 3/4 视角，无文字。画布：800×1000 竖版，角色主体占 60% 居中偏下。"
"taurus","金牛座·阿鲁迪巴","transcendent","归真永恒","金牛座·阿鲁迪巴 的 归真永恒 阶段。外形：黄金之角。系列：星座守护。阶段基调：归真永恒，#F5F0E8 主色、#8A9BA8 辅色，清风、青山、无我之相，必有山水/清风。风格：儿童友好的 2.5D 卡通渲染，柔和渐变背景，居中全身像，正面 3/4 视角，无文字。画布：800×1000 竖版，角色主体占 60% 居中偏下。"
"gemini","双子座·撒加","egg","灵胎初醒","双子座·撒加 的 灵胎初醒 阶段。外形：星辉双子。系列：星座守护。阶段基调：灵胎初醒，#4A3A2A 主色、#C4A672 辅色，渺小、独行、破败背景，必有孤灯/破庙。风格：儿童友好的 2.5D 卡通渲染，柔和渐变背景，居中全身像，正面 3/4 视角，无文字。画布：800×1000 竖版，角色主体占 60% 居中偏下。"
"gemini","双子座·撒加","baby","凡尘砺心","双子座·撒加 的 凡尘砺心 阶段。外形：善恶交织。系列：星座守护。阶段基调：凡尘砺心，#5B6B7A 主色、#8A9BA8 辅色，行路、风雨、远山，必有雨/风。风格：儿童友好的 2.5D 卡通渲染，柔和渐变背景，居中全身像，正面 3/4 视角，无文字。画布：800×1000 竖版，角色主体占 60% 居中偏下。"
"gemini","双子座·撒加","growing","道法初成","双子座·撒加 的 道法初成 阶段。外形：异次元微光。系列：星座守护。阶段基调：道法初成，#C44B2A 主色、#E8B84B 辅色，光芒初绽、首胜、昂首，必有光芒/法器。风格：儿童友好的 2.5D 卡通渲染，柔和渐变背景，居中全身像，正面 3/4 视角，无文字。画布：800×1000 竖版，角色主体占 60% 居中偏下。"
"gemini","双子座·撒加","mature","大劫淬炼","双子座·撒加 的 大劫淬炼 阶段。外形：异次元空间。系列：星座守护。阶段基调：大劫淬炼，#1A0A0A 主色、#8B1A1A 辅色，碎裂、坠落、血与火，必有火焰/裂痕。风格：儿童友好的 2.5D 卡通渲染，柔和渐变背景，居中全身像，正面 3/4 视角，无文字。画布：800×1000 竖版，角色主体占 60% 居中偏下。"
"gemini","双子座·撒加","legendary","封神登天","双子座·撒加 的 封神登天 阶段。外形：双子宫主。系列：星座守护。阶段基调：封神登天，#5B2A8A 主色、#F5D742 辅色，冠冕、宝座、万众仰视，必有冠冕/神位。风格：儿童友好的 2.5D 卡通渲染，柔和渐变背景，居中全身像，正面 3/4 视角，无文字。画布：800×1000 竖版，角色主体占 60% 居中偏下。"
"gemini","双子座·撒加","transcendent","归真永恒","双子座·撒加 的 归真永恒 阶段。外形：银河星爆。系列：星座守护。阶段基调：归真永恒，#F5F0E8 主色、#8A9BA8 辅色，清风、青山、无我之相，必有山水/清风。风格：儿童友好的 2.5D 卡通渲染，柔和渐变背景，居中全身像，正面 3/4 视角，无文字。画布：800×1000 竖版，角色主体占 60% 居中偏下。"
"cancer","巨蟹座·迪斯马斯克","egg","灵胎初醒","巨蟹座·迪斯马斯克 的 灵胎初醒 阶段。外形：冥辉之种。系列：星座守护。阶段基调：灵胎初醒，#4A3A2A 主色、#C4A672 辅色，渺小、独行、破败背景，必有孤灯/破庙。风格：儿童友好的 2.5D 卡通渲染，柔和渐变背景，居中全身像，正面 3/4 视角，无文字。画布：800×1000 竖版，角色主体占 60% 居中偏下。"
"cancer","巨蟹座·迪斯马斯克","baby","凡尘砺心","巨蟹座·迪斯马斯克 的 凡尘砺心 阶段。外形：冥气初生。系列：星座守护。阶段基调：凡尘砺心，#5B6B7A 主色、#8A9BA8 辅色，行路、风雨、远山，必有雨/风。风格：儿童友好的 2.5D 卡通渲染，柔和渐变背景，居中全身像，正面 3/4 视角，无文字。画布：800×1000 竖版，角色主体占 60% 居中偏下。"
"cancer","巨蟹座·迪斯马斯克","growing","道法初成","巨蟹座·迪斯马斯克 的 道法初成 阶段。外形：冥界门扉。系列：星座守护。阶段基调：道法初成，#C44B2A 主色、#E8B84B 辅色，光芒初绽、首胜、昂首，必有光芒/法器。风格：儿童友好的 2.5D 卡通渲染，柔和渐变背景，居中全身像，正面 3/4 视角，无文字。画布：800×1000 竖版，角色主体占 60% 居中偏下。"
"cancer","巨蟹座·迪斯马斯克","mature","大劫淬炼","巨蟹座·迪斯马斯克 的 大劫淬炼 阶段。外形：积尸气冥界波。系列：星座守护。阶段基调：大劫淬炼，#1A0A0A 主色、#8B1A1A 辅色，碎裂、坠落、血与火，必有火焰/裂痕。风格：儿童友好的 2.5D 卡通渲染，柔和渐变背景，居中全身像，正面 3/4 视角，无文字。画布：800×1000 竖版，角色主体占 60% 居中偏下。"
"cancer","巨蟹座·迪斯马斯克","legendary","封神登天","巨蟹座·迪斯马斯克 的 封神登天 阶段。外形：巨蟹宫主。系列：星座守护。阶段基调：封神登天，#5B2A8A 主色、#F5D742 辅色，冠冕、宝座、万众仰视，必有冠冕/神位。风格：儿童友好的 2.5D 卡通渲染，柔和渐变背景，居中全身像，正面 3/4 视角，无文字。画布：800×1000 竖版，角色主体占 60% 居中偏下。"
"cancer","巨蟹座·迪斯马斯克","transcendent","归真永恒","巨蟹座·迪斯马斯克 的 归真永恒 阶段。外形：冥界之王。系列：星座守护。阶段基调：归真永恒，#F5F0E8 主色、#8A9BA8 辅色，清风、青山、无我之相，必有山水/清风。风格：儿童友好的 2.5D 卡通渲染，柔和渐变背景，居中全身像，正面 3/4 视角，无文字。画布：800×1000 竖版，角色主体占 60% 居中偏下。"
"leo","狮子座·艾奥里亚","egg","灵胎初醒","狮子座·艾奥里亚 的 灵胎初醒 阶段。外形：星辉之种。系列：星座守护。阶段基调：灵胎初醒，#4A3A2A 主色、#C4A672 辅色，渺小、独行、破败背景，必有孤灯/破庙。风格：儿童友好的 2.5D 卡通渲染，柔和渐变背景，居中全身像，正面 3/4 视角，无文字。画布：800×1000 竖版，角色主体占 60% 居中偏下。"
"leo","狮子座·艾奥里亚","baby","凡尘砺心","狮子座·艾奥里亚 的 凡尘砺心 阶段。外形：热血修行。系列：星座守护。阶段基调：凡尘砺心，#5B6B7A 主色、#8A9BA8 辅色，行路、风雨、远山，必有雨/风。风格：儿童友好的 2.5D 卡通渲染，柔和渐变背景，居中全身像，正面 3/4 视角，无文字。画布：800×1000 竖版，角色主体占 60% 居中偏下。"
"leo","狮子座·艾奥里亚","growing","道法初成","狮子座·艾奥里亚 的 道法初成 阶段。外形：拳光初现。系列：星座守护。阶段基调：道法初成，#C44B2A 主色、#E8B84B 辅色，光芒初绽、首胜、昂首，必有光芒/法器。风格：儿童友好的 2.5D 卡通渲染，柔和渐变背景，居中全身像，正面 3/4 视角，无文字。画布：800×1000 竖版，角色主体占 60% 居中偏下。"
"leo","狮子座·艾奥里亚","mature","大劫淬炼","狮子座·艾奥里亚 的 大劫淬炼 阶段。外形：闪电光速拳。系列：星座守护。阶段基调：大劫淬炼，#1A0A0A 主色、#8B1A1A 辅色，碎裂、坠落、血与火，必有火焰/裂痕。风格：儿童友好的 2.5D 卡通渲染，柔和渐变背景，居中全身像，正面 3/4 视角，无文字。画布：800×1000 竖版，角色主体占 60% 居中偏下。"
"leo","狮子座·艾奥里亚","legendary","封神登天","狮子座·艾奥里亚 的 封神登天 阶段。外形：狮子宫主。系列：星座守护。阶段基调：封神登天，#5B2A8A 主色、#F5D742 辅色，冠冕、宝座、万众仰视，必有冠冕/神位。风格：儿童友好的 2.5D 卡通渲染，柔和渐变背景，居中全身像，正面 3/4 视角，无文字。画布：800×1000 竖版，角色主体占 60% 居中偏下。"
"leo","狮子座·艾奥里亚","transcendent","归真永恒","狮子座·艾奥里亚 的 归真永恒 阶段。外形：等离子光速拳。系列：星座守护。阶段基调：归真永恒，#F5F0E8 主色、#8A9BA8 辅色，清风、青山、无我之相，必有山水/清风。风格：儿童友好的 2.5D 卡通渲染，柔和渐变背景，居中全身像，正面 3/4 视角，无文字。画布：800×1000 竖版，角色主体占 60% 居中偏下。"
"virgo","处女座·沙加","egg","灵胎初醒","处女座·沙加 的 灵胎初醒 阶段。外形：星辉莲花。系列：星座守护。阶段基调：灵胎初醒，#4A3A2A 主色、#C4A672 辅色，渺小、独行、破败背景，必有孤灯/破庙。风格：儿童友好的 2.5D 卡通渲染，柔和渐变背景，居中全身像，正面 3/4 视角，无文字。画布：800×1000 竖版，角色主体占 60% 居中偏下。"
"virgo","处女座·沙加","baby","凡尘砺心","处女座·沙加 的 凡尘砺心 阶段。外形：禅心初定。系列：星座守护。阶段基调：凡尘砺心，#5B6B7A 主色、#8A9BA8 辅色，行路、风雨、远山，必有雨/风。风格：儿童友好的 2.5D 卡通渲染，柔和渐变背景，居中全身像，正面 3/4 视角，无文字。画布：800×1000 竖版，角色主体占 60% 居中偏下。"
"virgo","处女座·沙加","growing","道法初成","处女座·沙加 的 道法初成 阶段。外形：天眼微启。系列：星座守护。阶段基调：道法初成，#C44B2A 主色、#E8B84B 辅色，光芒初绽、首胜、昂首，必有光芒/法器。风格：儿童友好的 2.5D 卡通渲染，柔和渐变背景，居中全身像，正面 3/4 视角，无文字。画布：800×1000 竖版，角色主体占 60% 居中偏下。"
"virgo","处女座·沙加","mature","大劫淬炼","处女座·沙加 的 大劫淬炼 阶段。外形：天魔降伏。系列：星座守护。阶段基调：大劫淬炼，#1A0A0A 主色、#8B1A1A 辅色，碎裂、坠落、血与火，必有火焰/裂痕。风格：儿童友好的 2.5D 卡通渲染，柔和渐变背景，居中全身像，正面 3/4 视角，无文字。画布：800×1000 竖版，角色主体占 60% 居中偏下。"
"virgo","处女座·沙加","legendary","封神登天","处女座·沙加 的 封神登天 阶段。外形：处女宫主。系列：星座守护。阶段基调：封神登天，#5B2A8A 主色、#F5D742 辅色，冠冕、宝座、万众仰视，必有冠冕/神位。风格：儿童友好的 2.5D 卡通渲染，柔和渐变背景，居中全身像，正面 3/4 视角，无文字。画布：800×1000 竖版，角色主体占 60% 居中偏下。"
"virgo","处女座·沙加","transcendent","归真永恒","处女座·沙加 的 归真永恒 阶段。外形：第八感觉醒。系列：星座守护。阶段基调：归真永恒，#F5F0E8 主色、#8A9BA8 辅色，清风、青山、无我之相，必有山水/清风。风格：儿童友好的 2.5D 卡通渲染，柔和渐变背景，居中全身像，正面 3/4 视角，无文字。画布：800×1000 竖版，角色主体占 60% 居中偏下。"
"libra","天秤座·童虎","egg","灵胎初醒","天秤座·童虎 的 灵胎初醒 阶段。外形：星辉龙珠。系列：星座守护。阶段基调：灵胎初醒，#4A3A2A 主色、#C4A672 辅色，渺小、独行、破败背景，必有孤灯/破庙。风格：儿童友好的 2.5D 卡通渲染，柔和渐变背景，居中全身像，正面 3/4 视角，无文字。画布：800×1000 竖版，角色主体占 60% 居中偏下。"
"libra","天秤座·童虎","baby","凡尘砺心","天秤座·童虎 的 凡尘砺心 阶段。外形：百裂拳初修。系列：星座守护。阶段基调：凡尘砺心，#5B6B7A 主色、#8A9BA8 辅色，行路、风雨、远山，必有雨/风。风格：儿童友好的 2.5D 卡通渲染，柔和渐变背景，居中全身像，正面 3/4 视角，无文字。画布：800×1000 竖版，角色主体占 60% 居中偏下。"
"libra","天秤座·童虎","growing","道法初成","天秤座·童虎 的 道法初成 阶段。外形：五老峰悟道。系列：星座守护。阶段基调：道法初成，#C44B2A 主色、#E8B84B 辅色，光芒初绽、首胜、昂首，必有光芒/法器。风格：儿童友好的 2.5D 卡通渲染，柔和渐变背景，居中全身像，正面 3/4 视角，无文字。画布：800×1000 竖版，角色主体占 60% 居中偏下。"
"libra","天秤座·童虎","mature","大劫淬炼","天秤座·童虎 的 大劫淬炼 阶段。外形：庐山升龙霸。系列：星座守护。阶段基调：大劫淬炼，#1A0A0A 主色、#8B1A1A 辅色，碎裂、坠落、血与火，必有火焰/裂痕。风格：儿童友好的 2.5D 卡通渲染，柔和渐变背景，居中全身像，正面 3/4 视角，无文字。画布：800×1000 竖版，角色主体占 60% 居中偏下。"
"libra","天秤座·童虎","legendary","封神登天","天秤座·童虎 的 封神登天 阶段。外形：老师坐镇。系列：星座守护。阶段基调：封神登天，#5B2A8A 主色、#F5D742 辅色，冠冕、宝座、万众仰视，必有冠冕/神位。风格：儿童友好的 2.5D 卡通渲染，柔和渐变背景，居中全身像，正面 3/4 视角，无文字。画布：800×1000 竖版，角色主体占 60% 居中偏下。"
"libra","天秤座·童虎","transcendent","归真永恒","天秤座·童虎 的 归真永恒 阶段。外形：返老还童。系列：星座守护。阶段基调：归真永恒，#F5F0E8 主色、#8A9BA8 辅色，清风、青山、无我之相，必有山水/清风。风格：儿童友好的 2.5D 卡通渲染，柔和渐变背景，居中全身像，正面 3/4 视角，无文字。画布：800×1000 竖版，角色主体占 60% 居中偏下。"
"scorpio","天蝎座·米罗","egg","灵胎初醒","天蝎座·米罗 的 灵胎初醒 阶段。外形：星辉之种。系列：星座守护。阶段基调：灵胎初醒，#4A3A2A 主色、#C4A672 辅色，渺小、独行、破败背景，必有孤灯/破庙。风格：儿童友好的 2.5D 卡通渲染，柔和渐变背景，居中全身像，正面 3/4 视角，无文字。画布：800×1000 竖版，角色主体占 60% 居中偏下。"
"scorpio","天蝎座·米罗","baby","凡尘砺心","天蝎座·米罗 的 凡尘砺心 阶段。外形：忠义修行。系列：星座守护。阶段基调：凡尘砺心，#5B6B7A 主色、#8A9BA8 辅色，行路、风雨、远山，必有雨/风。风格：儿童友好的 2.5D 卡通渲染，柔和渐变背景，居中全身像，正面 3/4 视角，无文字。画布：800×1000 竖版，角色主体占 60% 居中偏下。"
"scorpio","天蝎座·米罗","growing","道法初成","天蝎座·米罗 的 道法初成 阶段。外形：毒针微芒。系列：星座守护。阶段基调：道法初成，#C44B2A 主色、#E8B84B 辅色，光芒初绽、首胜、昂首，必有光芒/法器。风格：儿童友好的 2.5D 卡通渲染，柔和渐变背景，居中全身像，正面 3/4 视角，无文字。画布：800×1000 竖版，角色主体占 60% 居中偏下。"
"scorpio","天蝎座·米罗","mature","大劫淬炼","天蝎座·米罗 的 大劫淬炼 阶段。外形：深红毒针。系列：星座守护。阶段基调：大劫淬炼，#1A0A0A 主色、#8B1A1A 辅色，碎裂、坠落、血与火，必有火焰/裂痕。风格：儿童友好的 2.5D 卡通渲染，柔和渐变背景，居中全身像，正面 3/4 视角，无文字。画布：800×1000 竖版，角色主体占 60% 居中偏下。"
"scorpio","天蝎座·米罗","legendary","封神登天","天蝎座·米罗 的 封神登天 阶段。外形：天蝎宫主。系列：星座守护。阶段基调：封神登天，#5B2A8A 主色、#F5D742 辅色，冠冕、宝座、万众仰视，必有冠冕/神位。风格：儿童友好的 2.5D 卡通渲染，柔和渐变背景，居中全身像，正面 3/4 视角，无文字。画布：800×1000 竖版，角色主体占 60% 居中偏下。"
"scorpio","天蝎座·米罗","transcendent","归真永恒","天蝎座·米罗 的 归真永恒 阶段。外形：天蝎之怒。系列：星座守护。阶段基调：归真永恒，#F5F0E8 主色、#8A9BA8 辅色，清风、青山、无我之相，必有山水/清风。风格：儿童友好的 2.5D 卡通渲染，柔和渐变背景，居中全身像，正面 3/4 视角，无文字。画布：800×1000 竖版，角色主体占 60% 居中偏下。"
"sagittarius","射手座·艾俄洛斯","egg","灵胎初醒","射手座·艾俄洛斯 的 灵胎初醒 阶段。外形：星辉之箭。系列：星座守护。阶段基调：灵胎初醒，#4A3A2A 主色、#C4A672 辅色，渺小、独行、破败背景，必有孤灯/破庙。风格：儿童友好的 2.5D 卡通渲染，柔和渐变背景，居中全身像，正面 3/4 视角，无文字。画布：800×1000 竖版，角色主体占 60% 居中偏下。"
"sagittarius","射手座·艾俄洛斯","baby","凡尘砺心","射手座·艾俄洛斯 的 凡尘砺心 阶段。外形：弓弦初张。系列：星座守护。阶段基调：凡尘砺心，#5B6B7A 主色、#8A9BA8 辅色，行路、风雨、远山，必有雨/风。风格：儿童友好的 2.5D 卡通渲染，柔和渐变背景，居中全身像，正面 3/4 视角，无文字。画布：800×1000 竖版，角色主体占 60% 居中偏下。"
"sagittarius","射手座·艾俄洛斯","growing","道法初成","射手座·艾俄洛斯 的 道法初成 阶段。外形：闪电拳雏形。系列：星座守护。阶段基调：道法初成，#C44B2A 主色、#E8B84B 辅色，光芒初绽、首胜、昂首，必有光芒/法器。风格：儿童友好的 2.5D 卡通渲染，柔和渐变背景，居中全身像，正面 3/4 视角，无文字。画布：800×1000 竖版，角色主体占 60% 居中偏下。"
"sagittarius","射手座·艾俄洛斯","mature","大劫淬炼","射手座·艾俄洛斯 的 大劫淬炼 阶段。外形：黄金之箭。系列：星座守护。阶段基调：大劫淬炼，#1A0A0A 主色、#8B1A1A 辅色，碎裂、坠落、血与火，必有火焰/裂痕。风格：儿童友好的 2.5D 卡通渲染，柔和渐变背景，居中全身像，正面 3/4 视角，无文字。画布：800×1000 竖版，角色主体占 60% 居中偏下。"
"sagittarius","射手座·艾俄洛斯","legendary","封神登天","射手座·艾俄洛斯 的 封神登天 阶段。外形：英魂长存。系列：星座守护。阶段基调：封神登天，#5B2A8A 主色、#F5D742 辅色，冠冕、宝座、万众仰视，必有冠冕/神位。风格：儿童友好的 2.5D 卡通渲染，柔和渐变背景，居中全身像，正面 3/4 视角，无文字。画布：800×1000 竖版，角色主体占 60% 居中偏下。"
"sagittarius","射手座·艾俄洛斯","transcendent","归真永恒","射手座·艾俄洛斯 的 归真永恒 阶段。外形：黄金之箭·觉醒。系列：星座守护。阶段基调：归真永恒，#F5F0E8 主色、#8A9BA8 辅色，清风、青山、无我之相，必有山水/清风。风格：儿童友好的 2.5D 卡通渲染，柔和渐变背景，居中全身像，正面 3/4 视角，无文字。画布：800×1000 竖版，角色主体占 60% 居中偏下。"
"capricorn","摩羯座·修罗","egg","灵胎初醒","摩羯座·修罗 的 灵胎初醒 阶段。外形：星辉之剑。系列：星座守护。阶段基调：灵胎初醒，#4A3A2A 主色、#C4A672 辅色，渺小、独行、破败背景，必有孤灯/破庙。风格：儿童友好的 2.5D 卡通渲染，柔和渐变背景，居中全身像，正面 3/4 视角，无文字。画布：800×1000 竖版，角色主体占 60% 居中偏下。"
"capricorn","摩羯座·修罗","baby","凡尘砺心","摩羯座·修罗 的 凡尘砺心 阶段。外形：剑士修行。系列：星座守护。阶段基调：凡尘砺心，#5B6B7A 主色、#8A9BA8 辅色，行路、风雨、远山，必有雨/风。风格：儿童友好的 2.5D 卡通渲染，柔和渐变背景，居中全身像，正面 3/4 视角，无文字。画布：800×1000 竖版，角色主体占 60% 居中偏下。"
"capricorn","摩羯座·修罗","growing","道法初成","摩羯座·修罗 的 道法初成 阶段。外形：圣剑雏形。系列：星座守护。阶段基调：道法初成，#C44B2A 主色、#E8B84B 辅色，光芒初绽、首胜、昂首，必有光芒/法器。风格：儿童友好的 2.5D 卡通渲染，柔和渐变背景，居中全身像，正面 3/4 视角，无文字。画布：800×1000 竖版，角色主体占 60% 居中偏下。"
"capricorn","摩羯座·修罗","mature","大劫淬炼","摩羯座·修罗 的 大劫淬炼 阶段。外形：剑影纵横。系列：星座守护。阶段基调：大劫淬炼，#1A0A0A 主色、#8B1A1A 辅色，碎裂、坠落、血与火，必有火焰/裂痕。风格：儿童友好的 2.5D 卡通渲染，柔和渐变背景，居中全身像，正面 3/4 视角，无文字。画布：800×1000 竖版，角色主体占 60% 居中偏下。"
"capricorn","摩羯座·修罗","legendary","封神登天","摩羯座·修罗 的 封神登天 阶段。外形：摩羯宫主。系列：星座守护。阶段基调：封神登天，#5B2A8A 主色、#F5D742 辅色，冠冕、宝座、万众仰视，必有冠冕/神位。风格：儿童友好的 2.5D 卡通渲染，柔和渐变背景，居中全身像，正面 3/4 视角，无文字。画布：800×1000 竖版，角色主体占 60% 居中偏下。"
"capricorn","摩羯座·修罗","transcendent","归真永恒","摩羯座·修罗 的 归真永恒 阶段。外形：觉醒之剑。系列：星座守护。阶段基调：归真永恒，#F5F0E8 主色、#8A9BA8 辅色，清风、青山、无我之相，必有山水/清风。风格：儿童友好的 2.5D 卡通渲染，柔和渐变背景，居中全身像，正面 3/4 视角，无文字。画布：800×1000 竖版，角色主体占 60% 居中偏下。"
"aquarius","水瓶座·卡妙","egg","灵胎初醒","水瓶座·卡妙 的 灵胎初醒 阶段。外形：星辉冰晶。系列：星座守护。阶段基调：灵胎初醒，#4A3A2A 主色、#C4A672 辅色，渺小、独行、破败背景，必有孤灯/破庙。风格：儿童友好的 2.5D 卡通渲染，柔和渐变背景，居中全身像，正面 3/4 视角，无文字。画布：800×1000 竖版，角色主体占 60% 居中偏下。"
"aquarius","水瓶座·卡妙","baby","凡尘砺心","水瓶座·卡妙 的 凡尘砺心 阶段。外形：冰道修行。系列：星座守护。阶段基调：凡尘砺心，#5B6B7A 主色、#8A9BA8 辅色，行路、风雨、远山，必有雨/风。风格：儿童友好的 2.5D 卡通渲染，柔和渐变背景，居中全身像，正面 3/4 视角，无文字。画布：800×1000 竖版，角色主体占 60% 居中偏下。"
"aquarius","水瓶座·卡妙","growing","道法初成","水瓶座·卡妙 的 道法初成 阶段。外形：冰晶环雏形。系列：星座守护。阶段基调：道法初成，#C44B2A 主色、#E8B84B 辅色，光芒初绽、首胜、昂首，必有光芒/法器。风格：儿童友好的 2.5D 卡通渲染，柔和渐变背景，居中全身像，正面 3/4 视角，无文字。画布：800×1000 竖版，角色主体占 60% 居中偏下。"
"aquarius","水瓶座·卡妙","mature","大劫淬炼","水瓶座·卡妙 的 大劫淬炼 阶段。外形：绝对零度之道。系列：星座守护。阶段基调：大劫淬炼，#1A0A0A 主色、#8B1A1A 辅色，碎裂、坠落、血与火，必有火焰/裂痕。风格：儿童友好的 2.5D 卡通渲染，柔和渐变背景，居中全身像，正面 3/4 视角，无文字。画布：800×1000 竖版，角色主体占 60% 居中偏下。"
"aquarius","水瓶座·卡妙","legendary","封神登天","水瓶座·卡妙 的 封神登天 阶段。外形：水瓶宫主。系列：星座守护。阶段基调：封神登天，#5B2A8A 主色、#F5D742 辅色，冠冕、宝座、万众仰视，必有冠冕/神位。风格：儿童友好的 2.5D 卡通渲染，柔和渐变背景，居中全身像，正面 3/4 视角，无文字。画布：800×1000 竖版，角色主体占 60% 居中偏下。"
"aquarius","水瓶座·卡妙","transcendent","归真永恒","水瓶座·卡妙 的 归真永恒 阶段。外形：冰河之师。系列：星座守护。阶段基调：归真永恒，#F5F0E8 主色、#8A9BA8 辅色，清风、青山、无我之相，必有山水/清风。风格：儿童友好的 2.5D 卡通渲染，柔和渐变背景，居中全身像，正面 3/4 视角，无文字。画布：800×1000 竖版，角色主体占 60% 居中偏下。"
"pisces","双鱼座·阿布罗狄","egg","灵胎初醒","双鱼座·阿布罗狄 的 灵胎初醒 阶段。外形：星辉花苞。系列：星座守护。阶段基调：灵胎初醒，#4A3A2A 主色、#C4A672 辅色，渺小、独行、破败背景，必有孤灯/破庙。风格：儿童友好的 2.5D 卡通渲染，柔和渐变背景，居中全身像，正面 3/4 视角，无文字。画布：800×1000 竖版，角色主体占 60% 居中偏下。"
"pisces","双鱼座·阿布罗狄","baby","凡尘砺心","双鱼座·阿布罗狄 的 凡尘砺心 阶段。外形：花之修行。系列：星座守护。阶段基调：凡尘砺心，#5B6B7A 主色、#8A9BA8 辅色，行路、风雨、远山，必有雨/风。风格：儿童友好的 2.5D 卡通渲染，柔和渐变背景，居中全身像，正面 3/4 视角，无文字。画布：800×1000 竖版，角色主体占 60% 居中偏下。"
"pisces","双鱼座·阿布罗狄","growing","道法初成","双鱼座·阿布罗狄 的 道法初成 阶段。外形：恶魔玫瑰雏形。系列：星座守护。阶段基调：道法初成，#C44B2A 主色、#E8B84B 辅色，光芒初绽、首胜、昂首，必有光芒/法器。风格：儿童友好的 2.5D 卡通渲染，柔和渐变背景，居中全身像，正面 3/4 视角，无文字。画布：800×1000 竖版，角色主体占 60% 居中偏下。"
"pisces","双鱼座·阿布罗狄","mature","大劫淬炼","双鱼座·阿布罗狄 的 大劫淬炼 阶段。外形：食人鱼玫瑰。系列：星座守护。阶段基调：大劫淬炼，#1A0A0A 主色、#8B1A1A 辅色，碎裂、坠落、血与火，必有火焰/裂痕。风格：儿童友好的 2.5D 卡通渲染，柔和渐变背景，居中全身像，正面 3/4 视角，无文字。画布：800×1000 竖版，角色主体占 60% 居中偏下。"
"pisces","双鱼座·阿布罗狄","legendary","封神登天","双鱼座·阿布罗狄 的 封神登天 阶段。外形：双鱼宫主。系列：星座守护。阶段基调：封神登天，#5B2A8A 主色、#F5D742 辅色，冠冕、宝座、万众仰视，必有冠冕/神位。风格：儿童友好的 2.5D 卡通渲染，柔和渐变背景，居中全身像，正面 3/4 视角，无文字。画布：800×1000 竖版，角色主体占 60% 居中偏下。"
"pisces","双鱼座·阿布罗狄","transcendent","归真永恒","双鱼座·阿布罗狄 的 归真永恒 阶段。外形：凄美绽放。系列：星座守护。阶段基调：归真永恒，#F5F0E8 主色、#8A9BA8 辅色，清风、青山、无我之相，必有山水/清风。风格：儿童友好的 2.5D 卡通渲染，柔和渐变背景，居中全身像，正面 3/4 视角，无文字。画布：800×1000 竖版，角色主体占 60% 居中偏下。"
"qinglong","青龙","egg","灵胎初醒","青龙 的 灵胎初醒 阶段。外形：木灵珠。系列：山海经。阶段基调：灵胎初醒，#4A3A2A 主色、#C4A672 辅色，渺小、独行、破败背景，必有孤灯/破庙。风格：儿童友好的 2.5D 卡通渲染，柔和渐变背景，居中全身像，正面 3/4 视角，无文字。画布：800×1000 竖版，角色主体占 60% 居中偏下。"
"qinglong","青龙","baby","凡尘砺心","青龙 的 凡尘砺心 阶段。外形：小青龙。系列：山海经。阶段基调：凡尘砺心，#5B6B7A 主色、#8A9BA8 辅色，行路、风雨、远山，必有雨/风。风格：儿童友好的 2.5D 卡通渲染，柔和渐变背景，居中全身像，正面 3/4 视角，无文字。画布：800×1000 竖版，角色主体占 60% 居中偏下。"
"qinglong","青龙","growing","道法初成","青龙 的 道法初成 阶段。外形：苍龙。系列：山海经。阶段基调：道法初成，#C44B2A 主色、#E8B84B 辅色，光芒初绽、首胜、昂首，必有光芒/法器。风格：儿童友好的 2.5D 卡通渲染，柔和渐变背景，居中全身像，正面 3/4 视角，无文字。画布：800×1000 竖版，角色主体占 60% 居中偏下。"
"qinglong","青龙","mature","大劫淬炼","青龙 的 大劫淬炼 阶段。外形：腾云龙。系列：山海经。阶段基调：大劫淬炼，#1A0A0A 主色、#8B1A1A 辅色，碎裂、坠落、血与火，必有火焰/裂痕。风格：儿童友好的 2.5D 卡通渲染，柔和渐变背景，居中全身像，正面 3/4 视角，无文字。画布：800×1000 竖版，角色主体占 60% 居中偏下。"
"qinglong","青龙","legendary","封神登天","青龙 的 封神登天 阶段。外形：星宿青龙。系列：山海经。阶段基调：封神登天，#5B2A8A 主色、#F5D742 辅色，冠冕、宝座、万众仰视，必有冠冕/神位。风格：儿童友好的 2.5D 卡通渲染，柔和渐变背景，居中全身像，正面 3/4 视角，无文字。画布：800×1000 竖版，角色主体占 60% 居中偏下。"
"qinglong","青龙","transcendent","归真永恒","青龙 的 归真永恒 阶段。外形：青龙尊者。系列：山海经。阶段基调：归真永恒，#F5F0E8 主色、#8A9BA8 辅色，清风、青山、无我之相，必有山水/清风。风格：儿童友好的 2.5D 卡通渲染，柔和渐变背景，居中全身像，正面 3/4 视角，无文字。画布：800×1000 竖版，角色主体占 60% 居中偏下。"
"baihu","白虎","egg","灵胎初醒","白虎 的 灵胎初醒 阶段。外形：金灵卵。系列：山海经。阶段基调：灵胎初醒，#4A3A2A 主色、#C4A672 辅色，渺小、独行、破败背景，必有孤灯/破庙。风格：儿童友好的 2.5D 卡通渲染，柔和渐变背景，居中全身像，正面 3/4 视角，无文字。画布：800×1000 竖版，角色主体占 60% 居中偏下。"
"baihu","白虎","baby","凡尘砺心","白虎 的 凡尘砺心 阶段。外形：小白虎。系列：山海经。阶段基调：凡尘砺心，#5B6B7A 主色、#8A9BA8 辅色，行路、风雨、远山，必有雨/风。风格：儿童友好的 2.5D 卡通渲染，柔和渐变背景，居中全身像，正面 3/4 视角，无文字。画布：800×1000 竖版，角色主体占 60% 居中偏下。"
"baihu","白虎","growing","道法初成","白虎 的 道法初成 阶段。外形：啸风虎。系列：山海经。阶段基调：道法初成，#C44B2A 主色、#E8B84B 辅色，光芒初绽、首胜、昂首，必有光芒/法器。风格：儿童友好的 2.5D 卡通渲染，柔和渐变背景，居中全身像，正面 3/4 视角，无文字。画布：800×1000 竖版，角色主体占 60% 居中偏下。"
"baihu","白虎","mature","大劫淬炼","白虎 的 大劫淬炼 阶段。外形：啸林虎。系列：山海经。阶段基调：大劫淬炼，#1A0A0A 主色、#8B1A1A 辅色，碎裂、坠落、血与火，必有火焰/裂痕。风格：儿童友好的 2.5D 卡通渲染，柔和渐变背景，居中全身像，正面 3/4 视角，无文字。画布：800×1000 竖版，角色主体占 60% 居中偏下。"
"baihu","白虎","legendary","封神登天","白虎 的 封神登天 阶段。外形：镇西神虎。系列：山海经。阶段基调：封神登天，#5B2A8A 主色、#F5D742 辅色，冠冕、宝座、万众仰视，必有冠冕/神位。风格：儿童友好的 2.5D 卡通渲染，柔和渐变背景，居中全身像，正面 3/4 视角，无文字。画布：800×1000 竖版，角色主体占 60% 居中偏下。"
"baihu","白虎","transcendent","归真永恒","白虎 的 归真永恒 阶段。外形：白虎尊者。系列：山海经。阶段基调：归真永恒，#F5F0E8 主色、#8A9BA8 辅色，清风、青山、无我之相，必有山水/清风。风格：儿童友好的 2.5D 卡通渲染，柔和渐变背景，居中全身像，正面 3/4 视角，无文字。画布：800×1000 竖版，角色主体占 60% 居中偏下。"
"zhuque","朱雀","egg","灵胎初醒","朱雀 的 灵胎初醒 阶段。外形：火灵卵。系列：山海经。阶段基调：灵胎初醒，#4A3A2A 主色、#C4A672 辅色，渺小、独行、破败背景，必有孤灯/破庙。风格：儿童友好的 2.5D 卡通渲染，柔和渐变背景，居中全身像，正面 3/4 视角，无文字。画布：800×1000 竖版，角色主体占 60% 居中偏下。"
"zhuque","朱雀","baby","凡尘砺心","朱雀 的 凡尘砺心 阶段。外形：小朱雀。系列：山海经。阶段基调：凡尘砺心，#5B6B7A 主色、#8A9BA8 辅色，行路、风雨、远山，必有雨/风。风格：儿童友好的 2.5D 卡通渲染，柔和渐变背景，居中全身像，正面 3/4 视角，无文字。画布：800×1000 竖版，角色主体占 60% 居中偏下。"
"zhuque","朱雀","growing","道法初成","朱雀 的 道法初成 阶段。外形：离火鸟。系列：山海经。阶段基调：道法初成，#C44B2A 主色、#E8B84B 辅色，光芒初绽、首胜、昂首，必有光芒/法器。风格：儿童友好的 2.5D 卡通渲染，柔和渐变背景，居中全身像，正面 3/4 视角，无文字。画布：800×1000 竖版，角色主体占 60% 居中偏下。"
"zhuque","朱雀","mature","大劫淬炼","朱雀 的 大劫淬炼 阶段。外形：焚风朱雀。系列：山海经。阶段基调：大劫淬炼，#1A0A0A 主色、#8B1A1A 辅色，碎裂、坠落、血与火，必有火焰/裂痕。风格：儿童友好的 2.5D 卡通渲染，柔和渐变背景，居中全身像，正面 3/4 视角，无文字。画布：800×1000 竖版，角色主体占 60% 居中偏下。"
"zhuque","朱雀","legendary","封神登天","朱雀 的 封神登天 阶段。外形：浴火朱雀。系列：山海经。阶段基调：封神登天，#5B2A8A 主色、#F5D742 辅色，冠冕、宝座、万众仰视，必有冠冕/神位。风格：儿童友好的 2.5D 卡通渲染，柔和渐变背景，居中全身像，正面 3/4 视角，无文字。画布：800×1000 竖版，角色主体占 60% 居中偏下。"
"zhuque","朱雀","transcendent","归真永恒","朱雀 的 归真永恒 阶段。外形：朱雀尊者。系列：山海经。阶段基调：归真永恒，#F5F0E8 主色、#8A9BA8 辅色，清风、青山、无我之相，必有山水/清风。风格：儿童友好的 2.5D 卡通渲染，柔和渐变背景，居中全身像，正面 3/4 视角，无文字。画布：800×1000 竖版，角色主体占 60% 居中偏下。"
"xuanwu","玄武","egg","灵胎初醒","玄武 的 灵胎初醒 阶段。外形：水灵卵。系列：山海经。阶段基调：灵胎初醒，#4A3A2A 主色、#C4A672 辅色，渺小、独行、破败背景，必有孤灯/破庙。风格：儿童友好的 2.5D 卡通渲染，柔和渐变背景，居中全身像，正面 3/4 视角，无文字。画布：800×1000 竖版，角色主体占 60% 居中偏下。"
"xuanwu","玄武","baby","凡尘砺心","玄武 的 凡尘砺心 阶段。外形：小玄龟。系列：山海经。阶段基调：凡尘砺心，#5B6B7A 主色、#8A9BA8 辅色，行路、风雨、远山，必有雨/风。风格：儿童友好的 2.5D 卡通渲染，柔和渐变背景，居中全身像，正面 3/4 视角，无文字。画布：800×1000 竖版，角色主体占 60% 居中偏下。"
"xuanwu","玄武","growing","道法初成","玄武 的 道法初成 阶段。外形：负水龟。系列：山海经。阶段基调：道法初成，#C44B2A 主色、#E8B84B 辅色，光芒初绽、首胜、昂首，必有光芒/法器。风格：儿童友好的 2.5D 卡通渲染，柔和渐变背景，居中全身像，正面 3/4 视角，无文字。画布：800×1000 竖版，角色主体占 60% 居中偏下。"
"xuanwu","玄武","mature","大劫淬炼","玄武 的 大劫淬炼 阶段。外形：驮山龟。系列：山海经。阶段基调：大劫淬炼，#1A0A0A 主色、#8B1A1A 辅色，碎裂、坠落、血与火，必有火焰/裂痕。风格：儿童友好的 2.5D 卡通渲染，柔和渐变背景，居中全身像，正面 3/4 视角，无文字。画布：800×1000 竖版，角色主体占 60% 居中偏下。"
"xuanwu","玄武","legendary","封神登天","玄武 的 封神登天 阶段。外形：镇水玄武。系列：山海经。阶段基调：封神登天，#5B2A8A 主色、#F5D742 辅色，冠冕、宝座、万众仰视，必有冠冕/神位。风格：儿童友好的 2.5D 卡通渲染，柔和渐变背景，居中全身像，正面 3/4 视角，无文字。画布：800×1000 竖版，角色主体占 60% 居中偏下。"
"xuanwu","玄武","transcendent","归真永恒","玄武 的 归真永恒 阶段。外形：玄武尊者。系列：山海经。阶段基调：归真永恒，#F5F0E8 主色、#8A9BA8 辅色，清风、青山、无我之相，必有山水/清风。风格：儿童友好的 2.5D 卡通渲染，柔和渐变背景，居中全身像，正面 3/4 视角，无文字。画布：800×1000 竖版，角色主体占 60% 居中偏下。"
"taotie","饕餮","egg","灵胎初醒","饕餮 的 灵胎初醒 阶段。外形：食欲之卵。系列：山海经。阶段基调：灵胎初醒，#4A3A2A 主色、#C4A672 辅色，渺小、独行、破败背景，必有孤灯/破庙。风格：儿童友好的 2.5D 卡通渲染，柔和渐变背景，居中全身像，正面 3/4 视角，无文字。画布：800×1000 竖版，角色主体占 60% 居中偏下。"
"taotie","饕餮","baby","凡尘砺心","饕餮 的 凡尘砺心 阶段。外形：小饕餮。系列：山海经。阶段基调：凡尘砺心，#5B6B7A 主色、#8A9BA8 辅色，行路、风雨、远山，必有雨/风。风格：儿童友好的 2.5D 卡通渲染，柔和渐变背景，居中全身像，正面 3/4 视角，无文字。画布：800×1000 竖版，角色主体占 60% 居中偏下。"
"taotie","饕餮","growing","道法初成","饕餮 的 道法初成 阶段。外形：大胃兽。系列：山海经。阶段基调：道法初成，#C44B2A 主色、#E8B84B 辅色，光芒初绽、首胜、昂首，必有光芒/法器。风格：儿童友好的 2.5D 卡通渲染，柔和渐变背景，居中全身像，正面 3/4 视角，无文字。画布：800×1000 竖版，角色主体占 60% 居中偏下。"
"taotie","饕餮","mature","大劫淬炼","饕餮 的 大劫淬炼 阶段。外形：无餍之兽。系列：山海经。阶段基调：大劫淬炼，#1A0A0A 主色、#8B1A1A 辅色，碎裂、坠落、血与火，必有火焰/裂痕。风格：儿童友好的 2.5D 卡通渲染，柔和渐变背景，居中全身像，正面 3/4 视角，无文字。画布：800×1000 竖版，角色主体占 60% 居中偏下。"
"taotie","饕餮","legendary","封神登天","饕餮 的 封神登天 阶段。外形：贪噬之相。系列：山海经。阶段基调：封神登天，#5B2A8A 主色、#F5D742 辅色，冠冕、宝座、万众仰视，必有冠冕/神位。风格：儿童友好的 2.5D 卡通渲染，柔和渐变背景，居中全身像，正面 3/4 视角，无文字。画布：800×1000 竖版，角色主体占 60% 居中偏下。"
"taotie","饕餮","transcendent","归真永恒","饕餮 的 归真永恒 阶段。外形：饕餮尊者。系列：山海经。阶段基调：归真永恒，#F5F0E8 主色、#8A9BA8 辅色，清风、青山、无我之相，必有山水/清风。风格：儿童友好的 2.5D 卡通渲染，柔和渐变背景，居中全身像，正面 3/4 视角，无文字。画布：800×1000 竖版，角色主体占 60% 居中偏下。"
"baize","白泽","egg","灵胎初醒","白泽 的 灵胎初醒 阶段。外形：智慧之卵。系列：山海经。阶段基调：灵胎初醒，#4A3A2A 主色、#C4A672 辅色，渺小、独行、破败背景，必有孤灯/破庙。风格：儿童友好的 2.5D 卡通渲染，柔和渐变背景，居中全身像，正面 3/4 视角，无文字。画布：800×1000 竖版，角色主体占 60% 居中偏下。"
"baize","白泽","baby","凡尘砺心","白泽 的 凡尘砺心 阶段。外形：小问号兽。系列：山海经。阶段基调：凡尘砺心，#5B6B7A 主色、#8A9BA8 辅色，行路、风雨、远山，必有雨/风。风格：儿童友好的 2.5D 卡通渲染，柔和渐变背景，居中全身像，正面 3/4 视角，无文字。画布：800×1000 竖版，角色主体占 60% 居中偏下。"
"baize","白泽","growing","道法初成","白泽 的 道法初成 阶段。外形：百晓兽。系列：山海经。阶段基调：道法初成，#C44B2A 主色、#E8B84B 辅色，光芒初绽、首胜、昂首，必有光芒/法器。风格：儿童友好的 2.5D 卡通渲染，柔和渐变背景，居中全身像，正面 3/4 视角，无文字。画布：800×1000 竖版，角色主体占 60% 居中偏下。"
"baize","白泽","mature","大劫淬炼","白泽 的 大劫淬炼 阶段。外形：万卷兽。系列：山海经。阶段基调：大劫淬炼，#1A0A0A 主色、#8B1A1A 辅色，碎裂、坠落、血与火，必有火焰/裂痕。风格：儿童友好的 2.5D 卡通渲染，柔和渐变背景，居中全身像，正面 3/4 视角，无文字。画布：800×1000 竖版，角色主体占 60% 居中偏下。"
"baize","白泽","legendary","封神登天","白泽 的 封神登天 阶段。外形：万物之书。系列：山海经。阶段基调：封神登天，#5B2A8A 主色、#F5D742 辅色，冠冕、宝座、万众仰视，必有冠冕/神位。风格：儿童友好的 2.5D 卡通渲染，柔和渐变背景，居中全身像，正面 3/4 视角，无文字。画布：800×1000 竖版，角色主体占 60% 居中偏下。"
"baize","白泽","transcendent","归真永恒","白泽 的 归真永恒 阶段。外形：白泽尊者。系列：山海经。阶段基调：归真永恒，#F5F0E8 主色、#8A9BA8 辅色，清风、青山、无我之相，必有山水/清风。风格：儿童友好的 2.5D 卡通渲染，柔和渐变背景，居中全身像，正面 3/4 视角，无文字。画布：800×1000 竖版，角色主体占 60% 居中偏下。"
"tibetan_antelope","藏羚羊","egg","灵胎初醒","藏羚羊 的 灵胎初醒 阶段。外形：雪卵。系列：国宝。阶段基调：灵胎初醒，#4A3A2A 主色、#C4A672 辅色，渺小、独行、破败背景，必有孤灯/破庙。风格：儿童友好的 2.5D 卡通渲染，柔和渐变背景，居中全身像，正面 3/4 视角，无文字。画布：800×1000 竖版，角色主体占 60% 居中偏下。"
"tibetan_antelope","藏羚羊","baby","凡尘砺心","藏羚羊 的 凡尘砺心 阶段。外形：小羚羊。系列：国宝。阶段基调：凡尘砺心，#5B6B7A 主色、#8A9BA8 辅色，行路、风雨、远山，必有雨/风。风格：儿童友好的 2.5D 卡通渲染，柔和渐变背景，居中全身像，正面 3/4 视角，无文字。画布：800×1000 竖版，角色主体占 60% 居中偏下。"
"tibetan_antelope","藏羚羊","growing","道法初成","藏羚羊 的 道法初成 阶段。外形：高原羚。系列：国宝。阶段基调：道法初成，#C44B2A 主色、#E8B84B 辅色，光芒初绽、首胜、昂首，必有光芒/法器。风格：儿童友好的 2.5D 卡通渲染，柔和渐变背景，居中全身像，正面 3/4 视角，无文字。画布：800×1000 竖版，角色主体占 60% 居中偏下。"
"tibetan_antelope","藏羚羊","mature","大劫淬炼","藏羚羊 的 大劫淬炼 阶段。外形：奔风羚。系列：国宝。阶段基调：大劫淬炼，#1A0A0A 主色、#8B1A1A 辅色，碎裂、坠落、血与火，必有火焰/裂痕。风格：儿童友好的 2.5D 卡通渲染，柔和渐变背景，居中全身像，正面 3/4 视角，无文字。画布：800×1000 竖版，角色主体占 60% 居中偏下。"
"tibetan_antelope","藏羚羊","legendary","封神登天","藏羚羊 的 封神登天 阶段。外形：雪原之王。系列：国宝。阶段基调：封神登天，#5B2A8A 主色、#F5D742 辅色，冠冕、宝座、万众仰视，必有冠冕/神位。风格：儿童友好的 2.5D 卡通渲染，柔和渐变背景，居中全身像，正面 3/4 视角，无文字。画布：800×1000 竖版，角色主体占 60% 居中偏下。"
"tibetan_antelope","藏羚羊","transcendent","归真永恒","藏羚羊 的 归真永恒 阶段。外形：雪原尊者。系列：国宝。阶段基调：归真永恒，#F5F0E8 主色、#8A9BA8 辅色，清风、青山、无我之相，必有山水/清风。风格：儿童友好的 2.5D 卡通渲染，柔和渐变背景，居中全身像，正面 3/4 视角，无文字。画布：800×1000 竖版，角色主体占 60% 居中偏下。"
"snow_leopard","雪豹","egg","灵胎初醒","雪豹 的 灵胎初醒 阶段。外形：斑雪卵。系列：国宝。阶段基调：灵胎初醒，#4A3A2A 主色、#C4A672 辅色，渺小、独行、破败背景，必有孤灯/破庙。风格：儿童友好的 2.5D 卡通渲染，柔和渐变背景，居中全身像，正面 3/4 视角，无文字。画布：800×1000 竖版，角色主体占 60% 居中偏下。"
"snow_leopard","雪豹","baby","凡尘砺心","雪豹 的 凡尘砺心 阶段。外形：小雪豹。系列：国宝。阶段基调：凡尘砺心，#5B6B7A 主色、#8A9BA8 辅色，行路、风雨、远山，必有雨/风。风格：儿童友好的 2.5D 卡通渲染，柔和渐变背景，居中全身像，正面 3/4 视角，无文字。画布：800×1000 竖版，角色主体占 60% 居中偏下。"
"snow_leopard","雪豹","growing","道法初成","雪豹 的 道法初成 阶段。外形：雪山豹。系列：国宝。阶段基调：道法初成，#C44B2A 主色、#E8B84B 辅色，光芒初绽、首胜、昂首，必有光芒/法器。风格：儿童友好的 2.5D 卡通渲染，柔和渐变背景，居中全身像，正面 3/4 视角，无文字。画布：800×1000 竖版，角色主体占 60% 居中偏下。"
"snow_leopard","雪豹","mature","大劫淬炼","雪豹 的 大劫淬炼 阶段。外形：雪原豹。系列：国宝。阶段基调：大劫淬炼，#1A0A0A 主色、#8B1A1A 辅色，碎裂、坠落、血与火，必有火焰/裂痕。风格：儿童友好的 2.5D 卡通渲染，柔和渐变背景，居中全身像，正面 3/4 视角，无文字。画布：800×1000 竖版，角色主体占 60% 居中偏下。"
"snow_leopard","雪豹","legendary","封神登天","雪豹 的 封神登天 阶段。外形：高山雪豹。系列：国宝。阶段基调：封神登天，#5B2A8A 主色、#F5D742 辅色，冠冕、宝座、万众仰视，必有冠冕/神位。风格：儿童友好的 2.5D 卡通渲染，柔和渐变背景，居中全身像，正面 3/4 视角，无文字。画布：800×1000 竖版，角色主体占 60% 居中偏下。"
"snow_leopard","雪豹","transcendent","归真永恒","雪豹 的 归真永恒 阶段。外形：雪山尊者。系列：国宝。阶段基调：归真永恒，#F5F0E8 主色、#8A9BA8 辅色，清风、青山、无我之相，必有山水/清风。风格：儿童友好的 2.5D 卡通渲染，柔和渐变背景，居中全身像，正面 3/4 视角，无文字。画布：800×1000 竖版，角色主体占 60% 居中偏下。"
"milu_deer","麋鹿","egg","灵胎初醒","麋鹿 的 灵胎初醒 阶段。外形：角卵。系列：国宝。阶段基调：灵胎初醒，#4A3A2A 主色、#C4A672 辅色，渺小、独行、破败背景，必有孤灯/破庙。风格：儿童友好的 2.5D 卡通渲染，柔和渐变背景，居中全身像，正面 3/4 视角，无文字。画布：800×1000 竖版，角色主体占 60% 居中偏下。"
"milu_deer","麋鹿","baby","凡尘砺心","麋鹿 的 凡尘砺心 阶段。外形：小麋鹿。系列：国宝。阶段基调：凡尘砺心，#5B6B7A 主色、#8A9BA8 辅色，行路、风雨、远山，必有雨/风。风格：儿童友好的 2.5D 卡通渲染，柔和渐变背景，居中全身像，正面 3/4 视角，无文字。画布：800×1000 竖版，角色主体占 60% 居中偏下。"
"milu_deer","麋鹿","growing","道法初成","麋鹿 的 道法初成 阶段。外形：沼泽鹿。系列：国宝。阶段基调：道法初成，#C44B2A 主色、#E8B84B 辅色，光芒初绽、首胜、昂首，必有光芒/法器。风格：儿童友好的 2.5D 卡通渲染，柔和渐变背景，居中全身像，正面 3/4 视角，无文字。画布：800×1000 竖版，角色主体占 60% 居中偏下。"
"milu_deer","麋鹿","mature","大劫淬炼","麋鹿 的 大劫淬炼 阶段。外形：泽畔鹿。系列：国宝。阶段基调：大劫淬炼，#1A0A0A 主色、#8B1A1A 辅色，碎裂、坠落、血与火，必有火焰/裂痕。风格：儿童友好的 2.5D 卡通渲染，柔和渐变背景，居中全身像，正面 3/4 视角，无文字。画布：800×1000 竖版，角色主体占 60% 居中偏下。"
"milu_deer","麋鹿","legendary","封神登天","麋鹿 的 封神登天 阶段。外形：瑞泽鹿。系列：国宝。阶段基调：封神登天，#5B2A8A 主色、#F5D742 辅色，冠冕、宝座、万众仰视，必有冠冕/神位。风格：儿童友好的 2.5D 卡通渲染，柔和渐变背景，居中全身像，正面 3/4 视角，无文字。画布：800×1000 竖版，角色主体占 60% 居中偏下。"
"milu_deer","麋鹿","transcendent","归真永恒","麋鹿 的 归真永恒 阶段。外形：泽畔尊者。系列：国宝。阶段基调：归真永恒，#F5F0E8 主色、#8A9BA8 辅色，清风、青山、无我之相，必有山水/清风。风格：儿童友好的 2.5D 卡通渲染，柔和渐变背景，居中全身像，正面 3/4 视角，无文字。画布：800×1000 竖版，角色主体占 60% 居中偏下。"
"siberian_tiger","东北虎","egg","灵胎初醒","东北虎 的 灵胎初醒 阶段。外形：雪虎蛋。系列：国宝。阶段基调：灵胎初醒，#4A3A2A 主色、#C4A672 辅色，渺小、独行、破败背景，必有孤灯/破庙。风格：儿童友好的 2.5D 卡通渲染，柔和渐变背景，居中全身像，正面 3/4 视角，无文字。画布：800×1000 竖版，角色主体占 60% 居中偏下。"
"siberian_tiger","东北虎","baby","凡尘砺心","东北虎 的 凡尘砺心 阶段。外形：小东北虎。系列：国宝。阶段基调：凡尘砺心，#5B6B7A 主色、#8A9BA8 辅色，行路、风雨、远山，必有雨/风。风格：儿童友好的 2.5D 卡通渲染，柔和渐变背景，居中全身像，正面 3/4 视角，无文字。画布：800×1000 竖版，角色主体占 60% 居中偏下。"
"siberian_tiger","东北虎","growing","道法初成","东北虎 的 道法初成 阶段。外形：雪原虎。系列：国宝。阶段基调：道法初成，#C44B2A 主色、#E8B84B 辅色，光芒初绽、首胜、昂首，必有光芒/法器。风格：儿童友好的 2.5D 卡通渲染，柔和渐变背景，居中全身像，正面 3/4 视角，无文字。画布：800×1000 竖版，角色主体占 60% 居中偏下。"
"siberian_tiger","东北虎","mature","大劫淬炼","东北虎 的 大劫淬炼 阶段。外形：啸雪虎。系列：国宝。阶段基调：大劫淬炼，#1A0A0A 主色、#8B1A1A 辅色，碎裂、坠落、血与火，必有火焰/裂痕。风格：儿童友好的 2.5D 卡通渲染，柔和渐变背景，居中全身像，正面 3/4 视角，无文字。画布：800×1000 竖版，角色主体占 60% 居中偏下。"
"siberian_tiger","东北虎","legendary","封神登天","东北虎 的 封神登天 阶段。外形：雪原巨虎。系列：国宝。阶段基调：封神登天，#5B2A8A 主色、#F5D742 辅色，冠冕、宝座、万众仰视，必有冠冕/神位。风格：儿童友好的 2.5D 卡通渲染，柔和渐变背景，居中全身像，正面 3/4 视角，无文字。画布：800×1000 竖版，角色主体占 60% 居中偏下。"
"siberian_tiger","东北虎","transcendent","归真永恒","东北虎 的 归真永恒 阶段。外形：雪原尊者。系列：国宝。阶段基调：归真永恒，#F5F0E8 主色、#8A9BA8 辅色，清风、青山、无我之相，必有山水/清风。风格：儿童友好的 2.5D 卡通渲染，柔和渐变背景，居中全身像，正面 3/4 视角，无文字。画布：800×1000 竖版，角色主体占 60% 居中偏下。"
"red_panda","小熊猫","egg","灵胎初醒","小熊猫 的 灵胎初醒 阶段。外形：红绒蛋。系列：国宝。阶段基调：灵胎初醒，#4A3A2A 主色、#C4A672 辅色，渺小、独行、破败背景，必有孤灯/破庙。风格：儿童友好的 2.5D 卡通渲染，柔和渐变背景，居中全身像，正面 3/4 视角，无文字。画布：800×1000 竖版，角色主体占 60% 居中偏下。"
"red_panda","小熊猫","baby","凡尘砺心","小熊猫 的 凡尘砺心 阶段。外形：小熊猫。系列：国宝。阶段基调：凡尘砺心，#5B6B7A 主色、#8A9BA8 辅色，行路、风雨、远山，必有雨/风。风格：儿童友好的 2.5D 卡通渲染，柔和渐变背景，居中全身像，正面 3/4 视角，无文字。画布：800×1000 竖版，角色主体占 60% 居中偏下。"
"red_panda","小熊猫","growing","道法初成","小熊猫 的 道法初成 阶段。外形：红棕熊。系列：国宝。阶段基调：道法初成，#C44B2A 主色、#E8B84B 辅色，光芒初绽、首胜、昂首，必有光芒/法器。风格：儿童友好的 2.5D 卡通渲染，柔和渐变背景，居中全身像，正面 3/4 视角，无文字。画布：800×1000 竖版，角色主体占 60% 居中偏下。"
"red_panda","小熊猫","mature","大劫淬炼","小熊猫 的 大劫淬炼 阶段。外形：红锦猫熊。系列：国宝。阶段基调：大劫淬炼，#1A0A0A 主色、#8B1A1A 辅色，碎裂、坠落、血与火，必有火焰/裂痕。风格：儿童友好的 2.5D 卡通渲染，柔和渐变背景，居中全身像，正面 3/4 视角，无文字。画布：800×1000 竖版，角色主体占 60% 居中偏下。"
"red_panda","小熊猫","legendary","封神登天","小熊猫 的 封神登天 阶段。外形：祥瑞小熊。系列：国宝。阶段基调：封神登天，#5B2A8A 主色、#F5D742 辅色，冠冕、宝座、万众仰视，必有冠冕/神位。风格：儿童友好的 2.5D 卡通渲染，柔和渐变背景，居中全身像，正面 3/4 视角，无文字。画布：800×1000 竖版，角色主体占 60% 居中偏下。"
"red_panda","小熊猫","transcendent","归真永恒","小熊猫 的 归真永恒 阶段。外形：竹林尊者。系列：国宝。阶段基调：归真永恒，#F5F0E8 主色、#8A9BA8 辅色，清风、青山、无我之相，必有山水/清风。风格：儿童友好的 2.5D 卡通渲染，柔和渐变背景，居中全身像，正面 3/4 视角，无文字。画布：800×1000 竖版，角色主体占 60% 居中偏下。"
"finless_porpoise","江豚","egg","灵胎初醒","江豚 的 灵胎初醒 阶段。外形：江卵。系列：国宝。阶段基调：灵胎初醒，#4A3A2A 主色、#C4A672 辅色，渺小、独行、破败背景，必有孤灯/破庙。风格：儿童友好的 2.5D 卡通渲染，柔和渐变背景，居中全身像，正面 3/4 视角，无文字。画布：800×1000 竖版，角色主体占 60% 居中偏下。"
"finless_porpoise","江豚","baby","凡尘砺心","江豚 的 凡尘砺心 阶段。外形：小江豚。系列：国宝。阶段基调：凡尘砺心，#5B6B7A 主色、#8A9BA8 辅色，行路、风雨、远山，必有雨/风。风格：儿童友好的 2.5D 卡通渲染，柔和渐变背景，居中全身像，正面 3/4 视角，无文字。画布：800×1000 竖版，角色主体占 60% 居中偏下。"
"finless_porpoise","江豚","growing","道法初成","江豚 的 道法初成 阶段。外形：江中精灵。系列：国宝。阶段基调：道法初成，#C44B2A 主色、#E8B84B 辅色，光芒初绽、首胜、昂首，必有光芒/法器。风格：儿童友好的 2.5D 卡通渲染，柔和渐变背景，居中全身像，正面 3/4 视角，无文字。画布：800×1000 竖版，角色主体占 60% 居中偏下。"
"finless_porpoise","江豚","mature","大劫淬炼","江豚 的 大劫淬炼 阶段。外形：微笑天使。系列：国宝。阶段基调：大劫淬炼，#1A0A0A 主色、#8B1A1A 辅色，碎裂、坠落、血与火，必有火焰/裂痕。风格：儿童友好的 2.5D 卡通渲染，柔和渐变背景，居中全身像，正面 3/4 视角，无文字。画布：800×1000 竖版，角色主体占 60% 居中偏下。"
"finless_porpoise","江豚","legendary","封神登天","江豚 的 封神登天 阶段。外形：江中守护。系列：国宝。阶段基调：封神登天，#5B2A8A 主色、#F5D742 辅色，冠冕、宝座、万众仰视，必有冠冕/神位。风格：儿童友好的 2.5D 卡通渲染，柔和渐变背景，居中全身像，正面 3/4 视角，无文字。画布：800×1000 竖版，角色主体占 60% 居中偏下。"
"finless_porpoise","江豚","transcendent","归真永恒","江豚 的 归真永恒 阶段。外形：江流尊者。系列：国宝。阶段基调：归真永恒，#F5F0E8 主色、#8A9BA8 辅色，清风、青山、无我之相，必有山水/清风。风格：儿童友好的 2.5D 卡通渲染，柔和渐变背景，居中全身像，正面 3/4 视角，无文字。画布：800×1000 竖版，角色主体占 60% 居中偏下。"
"ice_fox","冰·霜翎狐","egg","灵胎初醒","冰·霜翎狐 的 灵胎初醒 阶段。外形：冰晶蛋。系列：宝可梦。阶段基调：灵胎初醒，#4A3A2A 主色、#C4A672 辅色，渺小、独行、破败背景，必有孤灯/破庙。风格：儿童友好的 2.5D 卡通渲染，柔和渐变背景，居中全身像，正面 3/4 视角，无文字。画布：800×1000 竖版，角色主体占 60% 居中偏下。"
"ice_fox","冰·霜翎狐","baby","凡尘砺心","冰·霜翎狐 的 凡尘砺心 阶段。外形：霜尾幼狐。系列：宝可梦。阶段基调：凡尘砺心，#5B6B7A 主色、#8A9BA8 辅色，行路、风雨、远山，必有雨/风。风格：儿童友好的 2.5D 卡通渲染，柔和渐变背景，居中全身像，正面 3/4 视角，无文字。画布：800×1000 竖版，角色主体占 60% 居中偏下。"
"ice_fox","冰·霜翎狐","growing","道法初成","冰·霜翎狐 的 道法初成 阶段。外形：凌冰狐。系列：宝可梦。阶段基调：道法初成，#C44B2A 主色、#E8B84B 辅色，光芒初绽、首胜、昂首，必有光芒/法器。风格：儿童友好的 2.5D 卡通渲染，柔和渐变背景，居中全身像，正面 3/4 视角，无文字。画布：800×1000 竖版，角色主体占 60% 居中偏下。"
"ice_fox","冰·霜翎狐","mature","大劫淬炼","冰·霜翎狐 的 大劫淬炼 阶段。外形：凛冬狐。系列：宝可梦。阶段基调：大劫淬炼，#1A0A0A 主色、#8B1A1A 辅色，碎裂、坠落、血与火，必有火焰/裂痕。风格：儿童友好的 2.5D 卡通渲染，柔和渐变背景，居中全身像，正面 3/4 视角，无文字。画布：800×1000 竖版，角色主体占 60% 居中偏下。"
"ice_fox","冰·霜翎狐","legendary","封神登天","冰·霜翎狐 的 封神登天 阶段。外形：永冬狐。系列：宝可梦。阶段基调：封神登天，#5B2A8A 主色、#F5D742 辅色，冠冕、宝座、万众仰视，必有冠冕/神位。风格：儿童友好的 2.5D 卡通渲染，柔和渐变背景，居中全身像，正面 3/4 视角，无文字。画布：800×1000 竖版，角色主体占 60% 居中偏下。"
"ice_fox","冰·霜翎狐","transcendent","归真永恒","冰·霜翎狐 的 归真永恒 阶段。外形：极地尊者。系列：宝可梦。阶段基调：归真永恒，#F5F0E8 主色、#8A9BA8 辅色，清风、青山、无我之相，必有山水/清风。风格：儿童友好的 2.5D 卡通渲染，柔和渐变背景，居中全身像，正面 3/4 视角，无文字。画布：800×1000 竖版，角色主体占 60% 居中偏下。"
"rock_rhino","岩·岩甲犀","egg","灵胎初醒","岩·岩甲犀 的 灵胎初醒 阶段。外形：岩卵。系列：宝可梦。阶段基调：灵胎初醒，#4A3A2A 主色、#C4A672 辅色，渺小、独行、破败背景，必有孤灯/破庙。风格：儿童友好的 2.5D 卡通渲染，柔和渐变背景，居中全身像，正面 3/4 视角，无文字。画布：800×1000 竖版，角色主体占 60% 居中偏下。"
"rock_rhino","岩·岩甲犀","baby","凡尘砺心","岩·岩甲犀 的 凡尘砺心 阶段。外形：小岩犀。系列：宝可梦。阶段基调：凡尘砺心，#5B6B7A 主色、#8A9BA8 辅色，行路、风雨、远山，必有雨/风。风格：儿童友好的 2.5D 卡通渲染，柔和渐变背景，居中全身像，正面 3/4 视角，无文字。画布：800×1000 竖版，角色主体占 60% 居中偏下。"
"rock_rhino","岩·岩甲犀","growing","道法初成","岩·岩甲犀 的 道法初成 阶段。外形：冲锋犀。系列：宝可梦。阶段基调：道法初成，#C44B2A 主色、#E8B84B 辅色，光芒初绽、首胜、昂首，必有光芒/法器。风格：儿童友好的 2.5D 卡通渲染，柔和渐变背景，居中全身像，正面 3/4 视角，无文字。画布：800×1000 竖版，角色主体占 60% 居中偏下。"
"rock_rhino","岩·岩甲犀","mature","大劫淬炼","岩·岩甲犀 的 大劫淬炼 阶段。外形：铁岩犀。系列：宝可梦。阶段基调：大劫淬炼，#1A0A0A 主色、#8B1A1A 辅色，碎裂、坠落、血与火，必有火焰/裂痕。风格：儿童友好的 2.5D 卡通渲染，柔和渐变背景，居中全身像，正面 3/4 视角，无文字。画布：800×1000 竖版，角色主体占 60% 居中偏下。"
"rock_rhino","岩·岩甲犀","legendary","封神登天","岩·岩甲犀 的 封神登天 阶段。外形：大地犀。系列：宝可梦。阶段基调：封神登天，#5B2A8A 主色、#F5D742 辅色，冠冕、宝座、万众仰视，必有冠冕/神位。风格：儿童友好的 2.5D 卡通渲染，柔和渐变背景，居中全身像，正面 3/4 视角，无文字。画布：800×1000 竖版，角色主体占 60% 居中偏下。"
"rock_rhino","岩·岩甲犀","transcendent","归真永恒","岩·岩甲犀 的 归真永恒 阶段。外形：岩之尊者。系列：宝可梦。阶段基调：归真永恒，#F5F0E8 主色、#8A9BA8 辅色，清风、青山、无我之相，必有山水/清风。风格：儿童友好的 2.5D 卡通渲染，柔和渐变背景，居中全身像，正面 3/4 视角，无文字。画布：800×1000 竖版，角色主体占 60% 居中偏下。"
"wind_falcon","风·掠风隼","egg","灵胎初醒","风·掠风隼 的 灵胎初醒 阶段。外形：风卵。系列：宝可梦。阶段基调：灵胎初醒，#4A3A2A 主色、#C4A672 辅色，渺小、独行、破败背景，必有孤灯/破庙。风格：儿童友好的 2.5D 卡通渲染，柔和渐变背景，居中全身像，正面 3/4 视角，无文字。画布：800×1000 竖版，角色主体占 60% 居中偏下。"
"wind_falcon","风·掠风隼","baby","凡尘砺心","风·掠风隼 的 凡尘砺心 阶段。外形：小风隼。系列：宝可梦。阶段基调：凡尘砺心，#5B6B7A 主色、#8A9BA8 辅色，行路、风雨、远山，必有雨/风。风格：儿童友好的 2.5D 卡通渲染，柔和渐变背景，居中全身像，正面 3/4 视角，无文字。画布：800×1000 竖版，角色主体占 60% 居中偏下。"
"wind_falcon","风·掠风隼","growing","道法初成","风·掠风隼 的 道法初成 阶段。外形：疾风隼。系列：宝可梦。阶段基调：道法初成，#C44B2A 主色、#E8B84B 辅色，光芒初绽、首胜、昂首，必有光芒/法器。风格：儿童友好的 2.5D 卡通渲染，柔和渐变背景，居中全身像，正面 3/4 视角，无文字。画布：800×1000 竖版，角色主体占 60% 居中偏下。"
"wind_falcon","风·掠风隼","mature","大劫淬炼","风·掠风隼 的 大劫淬炼 阶段。外形：破空隼。系列：宝可梦。阶段基调：大劫淬炼，#1A0A0A 主色、#8B1A1A 辅色，碎裂、坠落、血与火，必有火焰/裂痕。风格：儿童友好的 2.5D 卡通渲染，柔和渐变背景，居中全身像，正面 3/4 视角，无文字。画布：800×1000 竖版，角色主体占 60% 居中偏下。"
"wind_falcon","风·掠风隼","legendary","封神登天","风·掠风隼 的 封神登天 阶段。外形：王者风隼。系列：宝可梦。阶段基调：封神登天，#5B2A8A 主色、#F5D742 辅色，冠冕、宝座、万众仰视，必有冠冕/神位。风格：儿童友好的 2.5D 卡通渲染，柔和渐变背景，居中全身像，正面 3/4 视角，无文字。画布：800×1000 竖版，角色主体占 60% 居中偏下。"
"wind_falcon","风·掠风隼","transcendent","归真永恒","风·掠风隼 的 归真永恒 阶段。外形：天空尊者。系列：宝可梦。阶段基调：归真永恒，#F5F0E8 主色、#8A9BA8 辅色，清风、青山、无我之相，必有山水/清风。风格：儿童友好的 2.5D 卡通渲染，柔和渐变背景，居中全身像，正面 3/4 视角，无文字。画布：800×1000 竖版，角色主体占 60% 居中偏下。"
"light_deer","光·晨曦鹿","egg","灵胎初醒","光·晨曦鹿 的 灵胎初醒 阶段。外形：光卵。系列：宝可梦。阶段基调：灵胎初醒，#4A3A2A 主色、#C4A672 辅色，渺小、独行、破败背景，必有孤灯/破庙。风格：儿童友好的 2.5D 卡通渲染，柔和渐变背景，居中全身像，正面 3/4 视角，无文字。画布：800×1000 竖版，角色主体占 60% 居中偏下。"
"light_deer","光·晨曦鹿","baby","凡尘砺心","光·晨曦鹿 的 凡尘砺心 阶段。外形：小光鹿。系列：宝可梦。阶段基调：凡尘砺心，#5B6B7A 主色、#8A9BA8 辅色，行路、风雨、远山，必有雨/风。风格：儿童友好的 2.5D 卡通渲染，柔和渐变背景，居中全身像，正面 3/4 视角，无文字。画布：800×1000 竖版，角色主体占 60% 居中偏下。"
"light_deer","光·晨曦鹿","growing","道法初成","光·晨曦鹿 的 道法初成 阶段。外形：辉光鹿。系列：宝可梦。阶段基调：道法初成，#C44B2A 主色、#E8B84B 辅色，光芒初绽、首胜、昂首，必有光芒/法器。风格：儿童友好的 2.5D 卡通渲染，柔和渐变背景，居中全身像，正面 3/4 视角，无文字。画布：800×1000 竖版，角色主体占 60% 居中偏下。"
"light_deer","光·晨曦鹿","mature","大劫淬炼","光·晨曦鹿 的 大劫淬炼 阶段。外形：破晓鹿。系列：宝可梦。阶段基调：大劫淬炼，#1A0A0A 主色、#8B1A1A 辅色，碎裂、坠落、血与火，必有火焰/裂痕。风格：儿童友好的 2.5D 卡通渲染，柔和渐变背景，居中全身像，正面 3/4 视角，无文字。画布：800×1000 竖版，角色主体占 60% 居中偏下。"
"light_deer","光·晨曦鹿","legendary","封神登天","光·晨曦鹿 的 封神登天 阶段。外形：辉明鹿。系列：宝可梦。阶段基调：封神登天，#5B2A8A 主色、#F5D742 辅色，冠冕、宝座、万众仰视，必有冠冕/神位。风格：儿童友好的 2.5D 卡通渲染，柔和渐变背景，居中全身像，正面 3/4 视角，无文字。画布：800×1000 竖版，角色主体占 60% 居中偏下。"
"light_deer","光·晨曦鹿","transcendent","归真永恒","光·晨曦鹿 的 归真永恒 阶段。外形：光辉尊者。系列：宝可梦。阶段基调：归真永恒，#F5F0E8 主色、#8A9BA8 辅色，清风、青山、无我之相，必有山水/清风。风格：儿童友好的 2.5D 卡通渲染，柔和渐变背景，居中全身像，正面 3/4 视角，无文字。画布：800×1000 竖版，角色主体占 60% 居中偏下。"
"dark_panther","暗·夜隐豹","egg","灵胎初醒","暗·夜隐豹 的 灵胎初醒 阶段。外形：暗卵。系列：宝可梦。阶段基调：灵胎初醒，#4A3A2A 主色、#C4A672 辅色，渺小、独行、破败背景，必有孤灯/破庙。风格：儿童友好的 2.5D 卡通渲染，柔和渐变背景，居中全身像，正面 3/4 视角，无文字。画布：800×1000 竖版，角色主体占 60% 居中偏下。"
"dark_panther","暗·夜隐豹","baby","凡尘砺心","暗·夜隐豹 的 凡尘砺心 阶段。外形：夜斑幼豹。系列：宝可梦。阶段基调：凡尘砺心，#5B6B7A 主色、#8A9BA8 辅色，行路、风雨、远山，必有雨/风。风格：儿童友好的 2.5D 卡通渲染，柔和渐变背景，居中全身像，正面 3/4 视角，无文字。画布：800×1000 竖版，角色主体占 60% 居中偏下。"
"dark_panther","暗·夜隐豹","growing","道法初成","暗·夜隐豹 的 道法初成 阶段。外形：潜行豹。系列：宝可梦。阶段基调：道法初成，#C44B2A 主色、#E8B84B 辅色，光芒初绽、首胜、昂首，必有光芒/法器。风格：儿童友好的 2.5D 卡通渲染，柔和渐变背景，居中全身像，正面 3/4 视角，无文字。画布：800×1000 竖版，角色主体占 60% 居中偏下。"
"dark_panther","暗·夜隐豹","mature","大劫淬炼","暗·夜隐豹 的 大劫淬炼 阶段。外形：幽冥豹。系列：宝可梦。阶段基调：大劫淬炼，#1A0A0A 主色、#8B1A1A 辅色，碎裂、坠落、血与火，必有火焰/裂痕。风格：儿童友好的 2.5D 卡通渲染，柔和渐变背景，居中全身像，正面 3/4 视角，无文字。画布：800×1000 竖版，角色主体占 60% 居中偏下。"
"dark_panther","暗·夜隐豹","legendary","封神登天","暗·夜隐豹 的 封神登天 阶段。外形：暗夜猎豹。系列：宝可梦。阶段基调：封神登天，#5B2A8A 主色、#F5D742 辅色，冠冕、宝座、万众仰视，必有冠冕/神位。风格：儿童友好的 2.5D 卡通渲染，柔和渐变背景，居中全身像，正面 3/4 视角，无文字。画布：800×1000 竖版，角色主体占 60% 居中偏下。"
"dark_panther","暗·夜隐豹","transcendent","归真永恒","暗·夜隐豹 的 归真永恒 阶段。外形：暗夜尊者。系列：宝可梦。阶段基调：归真永恒，#F5F0E8 主色、#8A9BA8 辅色，清风、青山、无我之相，必有山水/清风。风格：儿童友好的 2.5D 卡通渲染，柔和渐变背景，居中全身像，正面 3/4 视角，无文字。画布：800×1000 竖版，角色主体占 60% 居中偏下。"
"steel_armadillo","钢·磁甲兽","egg","灵胎初醒","钢·磁甲兽 的 灵胎初醒 阶段。外形：钢卵。系列：宝可梦。阶段基调：灵胎初醒，#4A3A2A 主色、#C4A672 辅色，渺小、独行、破败背景，必有孤灯/破庙。风格：儿童友好的 2.5D 卡通渲染，柔和渐变背景，居中全身像，正面 3/4 视角，无文字。画布：800×1000 竖版，角色主体占 60% 居中偏下。"
"steel_armadillo","钢·磁甲兽","baby","凡尘砺心","钢·磁甲兽 的 凡尘砺心 阶段。外形：小磁兽。系列：宝可梦。阶段基调：凡尘砺心，#5B6B7A 主色、#8A9BA8 辅色，行路、风雨、远山，必有雨/风。风格：儿童友好的 2.5D 卡通渲染，柔和渐变背景，居中全身像，正面 3/4 视角，无文字。画布：800×1000 竖版，角色主体占 60% 居中偏下。"
"steel_armadillo","钢·磁甲兽","growing","道法初成","钢·磁甲兽 的 道法初成 阶段。外形：铁甲兽。系列：宝可梦。阶段基调：道法初成，#C44B2A 主色、#E8B84B 辅色，光芒初绽、首胜、昂首，必有光芒/法器。风格：儿童友好的 2.5D 卡通渲染，柔和渐变背景，居中全身像，正面 3/4 视角，无文字。画布：800×1000 竖版，角色主体占 60% 居中偏下。"
"steel_armadillo","钢·磁甲兽","mature","大劫淬炼","钢·磁甲兽 的 大劫淬炼 阶段。外形：磁暴兽。系列：宝可梦。阶段基调：大劫淬炼，#1A0A0A 主色、#8B1A1A 辅色，碎裂、坠落、血与火，必有火焰/裂痕。风格：儿童友好的 2.5D 卡通渲染，柔和渐变背景，居中全身像，正面 3/4 视角，无文字。画布：800×1000 竖版，角色主体占 60% 居中偏下。"
"steel_armadillo","钢·磁甲兽","legendary","封神登天","钢·磁甲兽 的 封神登天 阶段。外形：合金兽。系列：宝可梦。阶段基调：封神登天，#5B2A8A 主色、#F5D742 辅色，冠冕、宝座、万众仰视，必有冠冕/神位。风格：儿童友好的 2.5D 卡通渲染，柔和渐变背景，居中全身像，正面 3/4 视角，无文字。画布：800×1000 竖版，角色主体占 60% 居中偏下。"
"steel_armadillo","钢·磁甲兽","transcendent","归真永恒","钢·磁甲兽 的 归真永恒 阶段。外形：钢之尊者。系列：宝可梦。阶段基调：归真永恒，#F5F0E8 主色、#8A9BA8 辅色，清风、青山、无我之相，必有山水/清风。风格：儿童友好的 2.5D 卡通渲染，柔和渐变背景，居中全身像，正面 3/4 视角，无文字。画布：800×1000 竖版，角色主体占 60% 居中偏下。"
"grey_wizard","灰袍智者","egg","灵胎初醒","灰袍智者 的 灵胎初醒 阶段。外形：魔杖种子。系列：魔法奇幻。阶段基调：灵胎初醒，#4A3A2A 主色、#C4A672 辅色，渺小、独行、破败背景，必有孤灯/破庙。风格：儿童友好的 2.5D 卡通渲染，柔和渐变背景，居中全身像，正面 3/4 视角，无文字。画布：800×1000 竖版，角色主体占 60% 居中偏下。"
"grey_wizard","灰袍智者","baby","凡尘砺心","灰袍智者 的 凡尘砺心 阶段。外形：小法师。系列：魔法奇幻。阶段基调：凡尘砺心，#5B6B7A 主色、#8A9BA8 辅色，行路、风雨、远山，必有雨/风。风格：儿童友好的 2.5D 卡通渲染，柔和渐变背景，居中全身像，正面 3/4 视角，无文字。画布：800×1000 竖版，角色主体占 60% 居中偏下。"
"grey_wizard","灰袍智者","growing","道法初成","灰袍智者 的 道法初成 阶段。外形：灰袍法师。系列：魔法奇幻。阶段基调：道法初成，#C44B2A 主色、#E8B84B 辅色，光芒初绽、首胜、昂首，必有光芒/法器。风格：儿童友好的 2.5D 卡通渲染，柔和渐变背景，居中全身像，正面 3/4 视角，无文字。画布：800×1000 竖版，角色主体占 60% 居中偏下。"
"grey_wizard","灰袍智者","mature","大劫淬炼","灰袍智者 的 大劫淬炼 阶段。外形：魔典持有者。系列：魔法奇幻。阶段基调：大劫淬炼，#1A0A0A 主色、#8B1A1A 辅色，碎裂、坠落、血与火，必有火焰/裂痕。风格：儿童友好的 2.5D 卡通渲染，柔和渐变背景，居中全身像，正面 3/4 视角，无文字。画布：800×1000 竖版，角色主体占 60% 居中偏下。"
"grey_wizard","灰袍智者","legendary","封神登天","灰袍智者 的 封神登天 阶段。外形：白袍法师。系列：魔法奇幻。阶段基调：封神登天，#5B2A8A 主色、#F5D742 辅色，冠冕、宝座、万众仰视，必有冠冕/神位。风格：儿童友好的 2.5D 卡通渲染，柔和渐变背景，居中全身像，正面 3/4 视角，无文字。画布：800×1000 竖版，角色主体占 60% 居中偏下。"
"grey_wizard","灰袍智者","transcendent","归真永恒","灰袍智者 的 归真永恒 阶段。外形：白袍尊者。系列：魔法奇幻。阶段基调：归真永恒，#F5F0E8 主色、#8A9BA8 辅色，清风、青山、无我之相，必有山水/清风。风格：儿童友好的 2.5D 卡通渲染，柔和渐变背景，居中全身像，正面 3/4 视角，无文字。画布：800×1000 竖版，角色主体占 60% 居中偏下。"
"wand_cat","魔杖猫","egg","灵胎初醒","魔杖猫 的 灵胎初醒 阶段。外形：魔法绒球。系列：魔法奇幻。阶段基调：灵胎初醒，#4A3A2A 主色、#C4A672 辅色，渺小、独行、破败背景，必有孤灯/破庙。风格：儿童友好的 2.5D 卡通渲染，柔和渐变背景，居中全身像，正面 3/4 视角，无文字。画布：800×1000 竖版，角色主体占 60% 居中偏下。"
"wand_cat","魔杖猫","baby","凡尘砺心","魔杖猫 的 凡尘砺心 阶段。外形：会魔法的猫。系列：魔法奇幻。阶段基调：凡尘砺心，#5B6B7A 主色、#8A9BA8 辅色，行路、风雨、远山，必有雨/风。风格：儿童友好的 2.5D 卡通渲染，柔和渐变背景，居中全身像，正面 3/4 视角，无文字。画布：800×1000 竖版，角色主体占 60% 居中偏下。"
"wand_cat","魔杖猫","growing","道法初成","魔杖猫 的 道法初成 阶段。外形：魔法猫。系列：魔法奇幻。阶段基调：道法初成，#C44B2A 主色、#E8B84B 辅色，光芒初绽、首胜、昂首，必有光芒/法器。风格：儿童友好的 2.5D 卡通渲染，柔和渐变背景，居中全身像，正面 3/4 视角，无文字。画布：800×1000 竖版，角色主体占 60% 居中偏下。"
"wand_cat","魔杖猫","mature","大劫淬炼","魔杖猫 的 大劫淬炼 阶段。外形：魔咒猫。系列：魔法奇幻。阶段基调：大劫淬炼，#1A0A0A 主色、#8B1A1A 辅色，碎裂、坠落、血与火，必有火焰/裂痕。风格：儿童友好的 2.5D 卡通渲染，柔和渐变背景，居中全身像，正面 3/4 视角，无文字。画布：800×1000 竖版，角色主体占 60% 居中偏下。"
"wand_cat","魔杖猫","legendary","封神登天","魔杖猫 的 封神登天 阶段。外形：大贤者猫。系列：魔法奇幻。阶段基调：封神登天，#5B2A8A 主色、#F5D742 辅色，冠冕、宝座、万众仰视，必有冠冕/神位。风格：儿童友好的 2.5D 卡通渲染，柔和渐变背景，居中全身像，正面 3/4 视角，无文字。画布：800×1000 竖版，角色主体占 60% 居中偏下。"
"wand_cat","魔杖猫","transcendent","归真永恒","魔杖猫 的 归真永恒 阶段。外形：魔法尊者。系列：魔法奇幻。阶段基调：归真永恒，#F5F0E8 主色、#8A9BA8 辅色，清风、青山、无我之相，必有山水/清风。风格：儿童友好的 2.5D 卡通渲染，柔和渐变背景，居中全身像，正面 3/4 视角，无文字。画布：800×1000 竖版，角色主体占 60% 居中偏下。"
"dragon_knight","龙骑士","egg","灵胎初醒","龙骑士 的 灵胎初醒 阶段。外形：契约之卵。系列：魔法奇幻。阶段基调：灵胎初醒，#4A3A2A 主色、#C4A672 辅色，渺小、独行、破败背景，必有孤灯/破庙。风格：儿童友好的 2.5D 卡通渲染，柔和渐变背景，居中全身像，正面 3/4 视角，无文字。画布：800×1000 竖版，角色主体占 60% 居中偏下。"
"dragon_knight","龙骑士","baby","凡尘砺心","龙骑士 的 凡尘砺心 阶段。外形：骑士候选。系列：魔法奇幻。阶段基调：凡尘砺心，#5B6B7A 主色、#8A9BA8 辅色，行路、风雨、远山，必有雨/风。风格：儿童友好的 2.5D 卡通渲染，柔和渐变背景，居中全身像，正面 3/4 视角，无文字。画布：800×1000 竖版，角色主体占 60% 居中偏下。"
"dragon_knight","龙骑士","growing","道法初成","龙骑士 的 道法初成 阶段。外形：龙骑士。系列：魔法奇幻。阶段基调：道法初成，#C44B2A 主色、#E8B84B 辅色，光芒初绽、首胜、昂首，必有光芒/法器。风格：儿童友好的 2.5D 卡通渲染，柔和渐变背景，居中全身像，正面 3/4 视角，无文字。画布：800×1000 竖版，角色主体占 60% 居中偏下。"
"dragon_knight","龙骑士","mature","大劫淬炼","龙骑士 的 大劫淬炼 阶段。外形：骑士之誓。系列：魔法奇幻。阶段基调：大劫淬炼，#1A0A0A 主色、#8B1A1A 辅色，碎裂、坠落、血与火，必有火焰/裂痕。风格：儿童友好的 2.5D 卡通渲染，柔和渐变背景，居中全身像，正面 3/4 视角，无文字。画布：800×1000 竖版，角色主体占 60% 居中偏下。"
"dragon_knight","龙骑士","legendary","封神登天","龙骑士 的 封神登天 阶段。外形：天空骑士。系列：魔法奇幻。阶段基调：封神登天，#5B2A8A 主色、#F5D742 辅色，冠冕、宝座、万众仰视，必有冠冕/神位。风格：儿童友好的 2.5D 卡通渲染，柔和渐变背景，居中全身像，正面 3/4 视角，无文字。画布：800×1000 竖版，角色主体占 60% 居中偏下。"
"dragon_knight","龙骑士","transcendent","归真永恒","龙骑士 的 归真永恒 阶段。外形：龙骑尊者。系列：魔法奇幻。阶段基调：归真永恒，#F5F0E8 主色、#8A9BA8 辅色，清风、青山、无我之相，必有山水/清风。风格：儿童友好的 2.5D 卡通渲染，柔和渐变背景，居中全身像，正面 3/4 视角，无文字。画布：800×1000 竖版，角色主体占 60% 居中偏下。"
"alchemy_golem","炼金魔像","egg","灵胎初醒","炼金魔像 的 灵胎初醒 阶段。外形：贤者之石。系列：魔法奇幻。阶段基调：灵胎初醒，#4A3A2A 主色、#C4A672 辅色，渺小、独行、破败背景，必有孤灯/破庙。风格：儿童友好的 2.5D 卡通渲染，柔和渐变背景，居中全身像，正面 3/4 视角，无文字。画布：800×1000 竖版，角色主体占 60% 居中偏下。"
"alchemy_golem","炼金魔像","baby","凡尘砺心","炼金魔像 的 凡尘砺心 阶段。外形：炼金仆从。系列：魔法奇幻。阶段基调：凡尘砺心，#5B6B7A 主色、#8A9BA8 辅色，行路、风雨、远山，必有雨/风。风格：儿童友好的 2.5D 卡通渲染，柔和渐变背景，居中全身像，正面 3/4 视角，无文字。画布：800×1000 竖版，角色主体占 60% 居中偏下。"
"alchemy_golem","炼金魔像","growing","道法初成","炼金魔像 的 道法初成 阶段。外形：炼金术士。系列：魔法奇幻。阶段基调：道法初成，#C44B2A 主色、#E8B84B 辅色，光芒初绽、首胜、昂首，必有光芒/法器。风格：儿童友好的 2.5D 卡通渲染，柔和渐变背景，居中全身像，正面 3/4 视角，无文字。画布：800×1000 竖版，角色主体占 60% 居中偏下。"
"alchemy_golem","炼金魔像","mature","大劫淬炼","炼金魔像 的 大劫淬炼 阶段。外形：点金手。系列：魔法奇幻。阶段基调：大劫淬炼，#1A0A0A 主色、#8B1A1A 辅色，碎裂、坠落、血与火，必有火焰/裂痕。风格：儿童友好的 2.5D 卡通渲染，柔和渐变背景，居中全身像，正面 3/4 视角，无文字。画布：800×1000 竖版，角色主体占 60% 居中偏下。"
"alchemy_golem","炼金魔像","legendary","封神登天","炼金魔像 的 封神登天 阶段。外形：黄金石像。系列：魔法奇幻。阶段基调：封神登天，#5B2A8A 主色、#F5D742 辅色，冠冕、宝座、万众仰视，必有冠冕/神位。风格：儿童友好的 2.5D 卡通渲染，柔和渐变背景，居中全身像，正面 3/4 视角，无文字。画布：800×1000 竖版，角色主体占 60% 居中偏下。"
"alchemy_golem","炼金魔像","transcendent","归真永恒","炼金魔像 的 归真永恒 阶段。外形：炼金尊者。系列：魔法奇幻。阶段基调：归真永恒，#F5F0E8 主色、#8A9BA8 辅色，清风、青山、无我之相，必有山水/清风。风格：儿童友好的 2.5D 卡通渲染，柔和渐变背景，居中全身像，正面 3/4 视角，无文字。画布：800×1000 竖版，角色主体占 60% 居中偏下。"
"nightmare_horse","梦魇夜马","egg","灵胎初醒","梦魇夜马 的 灵胎初醒 阶段。外形：月影卵。系列：魔法奇幻。阶段基调：灵胎初醒，#4A3A2A 主色、#C4A672 辅色，渺小、独行、破败背景，必有孤灯/破庙。风格：儿童友好的 2.5D 卡通渲染，柔和渐变背景，居中全身像，正面 3/4 视角，无文字。画布：800×1000 竖版，角色主体占 60% 居中偏下。"
"nightmare_horse","梦魇夜马","baby","凡尘砺心","梦魇夜马 的 凡尘砺心 阶段。外形：影鬃马。系列：魔法奇幻。阶段基调：凡尘砺心，#5B6B7A 主色、#8A9BA8 辅色，行路、风雨、远山，必有雨/风。风格：儿童友好的 2.5D 卡通渲染，柔和渐变背景，居中全身像，正面 3/4 视角，无文字。画布：800×1000 竖版，角色主体占 60% 居中偏下。"
"nightmare_horse","梦魇夜马","growing","道法初成","梦魇夜马 的 道法初成 阶段。外形：梦魇马。系列：魔法奇幻。阶段基调：道法初成，#C44B2A 主色、#E8B84B 辅色，光芒初绽、首胜、昂首，必有光芒/法器。风格：儿童友好的 2.5D 卡通渲染，柔和渐变背景，居中全身像，正面 3/4 视角，无文字。画布：800×1000 竖版，角色主体占 60% 居中偏下。"
"nightmare_horse","梦魇夜马","mature","大劫淬炼","梦魇夜马 的 大劫淬炼 阶段。外形：月光马。系列：魔法奇幻。阶段基调：大劫淬炼，#1A0A0A 主色、#8B1A1A 辅色，碎裂、坠落、血与火，必有火焰/裂痕。风格：儿童友好的 2.5D 卡通渲染，柔和渐变背景，居中全身像，正面 3/4 视角，无文字。画布：800×1000 竖版，角色主体占 60% 居中偏下。"
"nightmare_horse","梦魇夜马","legendary","封神登天","梦魇夜马 的 封神登天 阶段。外形：夜之守护。系列：魔法奇幻。阶段基调：封神登天，#5B2A8A 主色、#F5D742 辅色，冠冕、宝座、万众仰视，必有冠冕/神位。风格：儿童友好的 2.5D 卡通渲染，柔和渐变背景，居中全身像，正面 3/4 视角，无文字。画布：800×1000 竖版，角色主体占 60% 居中偏下。"
"nightmare_horse","梦魇夜马","transcendent","归真永恒","梦魇夜马 的 归真永恒 阶段。外形：夜月尊者。系列：魔法奇幻。阶段基调：归真永恒，#F5F0E8 主色、#8A9BA8 辅色，清风、青山、无我之相，必有山水/清风。风格：儿童友好的 2.5D 卡通渲染，柔和渐变背景，居中全身像，正面 3/4 视角，无文字。画布：800×1000 竖版，角色主体占 60% 居中偏下。"
"lamp_spirit","元素灯灵","egg","灵胎初醒","元素灯灵 的 灵胎初醒 阶段。外形：灯芯种子。系列：魔法奇幻。阶段基调：灵胎初醒，#4A3A2A 主色、#C4A672 辅色，渺小、独行、破败背景，必有孤灯/破庙。风格：儿童友好的 2.5D 卡通渲染，柔和渐变背景，居中全身像，正面 3/4 视角，无文字。画布：800×1000 竖版，角色主体占 60% 居中偏下。"
"lamp_spirit","元素灯灵","baby","凡尘砺心","元素灯灵 的 凡尘砺心 阶段。外形：小灯灵。系列：魔法奇幻。阶段基调：凡尘砺心，#5B6B7A 主色、#8A9BA8 辅色，行路、风雨、远山，必有雨/风。风格：儿童友好的 2.5D 卡通渲染，柔和渐变背景，居中全身像，正面 3/4 视角，无文字。画布：800×1000 竖版，角色主体占 60% 居中偏下。"
"lamp_spirit","元素灯灵","growing","道法初成","元素灯灵 的 道法初成 阶段。外形：灯之精灵。系列：魔法奇幻。阶段基调：道法初成，#C44B2A 主色、#E8B84B 辅色，光芒初绽、首胜、昂首，必有光芒/法器。风格：儿童友好的 2.5D 卡通渲染，柔和渐变背景，居中全身像，正面 3/4 视角，无文字。画布：800×1000 竖版，角色主体占 60% 居中偏下。"
"lamp_spirit","元素灯灵","mature","大劫淬炼","元素灯灵 的 大劫淬炼 阶段。外形：流光灯灵。系列：魔法奇幻。阶段基调：大劫淬炼，#1A0A0A 主色、#8B1A1A 辅色，碎裂、坠落、血与火，必有火焰/裂痕。风格：儿童友好的 2.5D 卡通渲染，柔和渐变背景，居中全身像，正面 3/4 视角，无文字。画布：800×1000 竖版，角色主体占 60% 居中偏下。"
"lamp_spirit","元素灯灵","legendary","封神登天","元素灯灵 的 封神登天 阶段。外形：千愿灯灵。系列：魔法奇幻。阶段基调：封神登天，#5B2A8A 主色、#F5D742 辅色，冠冕、宝座、万众仰视，必有冠冕/神位。风格：儿童友好的 2.5D 卡通渲染，柔和渐变背景，居中全身像，正面 3/4 视角，无文字。画布：800×1000 竖版，角色主体占 60% 居中偏下。"
"lamp_spirit","元素灯灵","transcendent","归真永恒","元素灯灵 的 归真永恒 阶段。外形：灯灵尊者。系列：魔法奇幻。阶段基调：归真永恒，#F5F0E8 主色、#8A9BA8 辅色，清风、青山、无我之相，必有山水/清风。风格：儿童友好的 2.5D 卡通渲染，柔和渐变背景，居中全身像，正面 3/4 视角，无文字。画布：800×1000 竖版，角色主体占 60% 居中偏下。"
"spinosaurus","棘龙","egg","灵胎初醒","棘龙 的 灵胎初醒 阶段。外形：帆纹蛋。系列：史前生物。阶段基调：灵胎初醒，#4A3A2A 主色、#C4A672 辅色，渺小、独行、破败背景，必有孤灯/破庙。风格：儿童友好的 2.5D 卡通渲染，柔和渐变背景，居中全身像，正面 3/4 视角，无文字。画布：800×1000 竖版，角色主体占 60% 居中偏下。"
"spinosaurus","棘龙","baby","凡尘砺心","棘龙 的 凡尘砺心 阶段。外形：帆背龙。系列：史前生物。阶段基调：凡尘砺心，#5B6B7A 主色、#8A9BA8 辅色，行路、风雨、远山，必有雨/风。风格：儿童友好的 2.5D 卡通渲染，柔和渐变背景，居中全身像，正面 3/4 视角，无文字。画布：800×1000 竖版，角色主体占 60% 居中偏下。"
"spinosaurus","棘龙","growing","道法初成","棘龙 的 道法初成 阶段。外形：巨帆龙。系列：史前生物。阶段基调：道法初成，#C44B2A 主色、#E8B84B 辅色，光芒初绽、首胜、昂首，必有光芒/法器。风格：儿童友好的 2.5D 卡通渲染，柔和渐变背景，居中全身像，正面 3/4 视角，无文字。画布：800×1000 竖版，角色主体占 60% 居中偏下。"
"spinosaurus","棘龙","mature","大劫淬炼","棘龙 的 大劫淬炼 阶段。外形：河畔霸主。系列：史前生物。阶段基调：大劫淬炼，#1A0A0A 主色、#8B1A1A 辅色，碎裂、坠落、血与火，必有火焰/裂痕。风格：儿童友好的 2.5D 卡通渲染，柔和渐变背景，居中全身像，正面 3/4 视角，无文字。画布：800×1000 竖版，角色主体占 60% 居中偏下。"
"spinosaurus","棘龙","legendary","封神登天","棘龙 的 封神登天 阶段。外形：河畔之王。系列：史前生物。阶段基调：封神登天，#5B2A8A 主色、#F5D742 辅色，冠冕、宝座、万众仰视，必有冠冕/神位。风格：儿童友好的 2.5D 卡通渲染，柔和渐变背景，居中全身像，正面 3/4 视角，无文字。画布：800×1000 竖版，角色主体占 60% 居中偏下。"
"spinosaurus","棘龙","transcendent","归真永恒","棘龙 的 归真永恒 阶段。外形：棘龙尊者。系列：史前生物。阶段基调：归真永恒，#F5F0E8 主色、#8A9BA8 辅色，清风、青山、无我之相，必有山水/清风。风格：儿童友好的 2.5D 卡通渲染，柔和渐变背景，居中全身像，正面 3/4 视角，无文字。画布：800×1000 竖版，角色主体占 60% 居中偏下。"
"ankylosaurus","甲龙","egg","灵胎初醒","甲龙 的 灵胎初醒 阶段。外形：锤尾蛋。系列：史前生物。阶段基调：灵胎初醒，#4A3A2A 主色、#C4A672 辅色，渺小、独行、破败背景，必有孤灯/破庙。风格：儿童友好的 2.5D 卡通渲染，柔和渐变背景，居中全身像，正面 3/4 视角，无文字。画布：800×1000 竖版，角色主体占 60% 居中偏下。"
"ankylosaurus","甲龙","baby","凡尘砺心","甲龙 的 凡尘砺心 阶段。外形：板甲龙。系列：史前生物。阶段基调：凡尘砺心，#5B6B7A 主色、#8A9BA8 辅色，行路、风雨、远山，必有雨/风。风格：儿童友好的 2.5D 卡通渲染，柔和渐变背景，居中全身像，正面 3/4 视角，无文字。画布：800×1000 竖版，角色主体占 60% 居中偏下。"
"ankylosaurus","甲龙","growing","道法初成","甲龙 的 道法初成 阶段。外形：锤尾龙。系列：史前生物。阶段基调：道法初成，#C44B2A 主色、#E8B84B 辅色，光芒初绽、首胜、昂首，必有光芒/法器。风格：儿童友好的 2.5D 卡通渲染，柔和渐变背景，居中全身像，正面 3/4 视角，无文字。画布：800×1000 竖版，角色主体占 60% 居中偏下。"
"ankylosaurus","甲龙","mature","大劫淬炼","甲龙 的 大劫淬炼 阶段。外形：堡垒龙。系列：史前生物。阶段基调：大劫淬炼，#1A0A0A 主色、#8B1A1A 辅色，碎裂、坠落、血与火，必有火焰/裂痕。风格：儿童友好的 2.5D 卡通渲染，柔和渐变背景，居中全身像，正面 3/4 视角，无文字。画布：800×1000 竖版，角色主体占 60% 居中偏下。"
"ankylosaurus","甲龙","legendary","封神登天","甲龙 的 封神登天 阶段。外形：要塞甲龙。系列：史前生物。阶段基调：封神登天，#5B2A8A 主色、#F5D742 辅色，冠冕、宝座、万众仰视，必有冠冕/神位。风格：儿童友好的 2.5D 卡通渲染，柔和渐变背景，居中全身像，正面 3/4 视角，无文字。画布：800×1000 竖版，角色主体占 60% 居中偏下。"
"ankylosaurus","甲龙","transcendent","归真永恒","甲龙 的 归真永恒 阶段。外形：甲龙尊者。系列：史前生物。阶段基调：归真永恒，#F5F0E8 主色、#8A9BA8 辅色，清风、青山、无我之相，必有山水/清风。风格：儿童友好的 2.5D 卡通渲染，柔和渐变背景，居中全身像，正面 3/4 视角，无文字。画布：800×1000 竖版，角色主体占 60% 居中偏下。"
"diplodocus","梁龙","egg","灵胎初醒","梁龙 的 灵胎初醒 阶段。外形：长颈蛋。系列：史前生物。阶段基调：灵胎初醒，#4A3A2A 主色、#C4A672 辅色，渺小、独行、破败背景，必有孤灯/破庙。风格：儿童友好的 2.5D 卡通渲染，柔和渐变背景，居中全身像，正面 3/4 视角，无文字。画布：800×1000 竖版，角色主体占 60% 居中偏下。"
"diplodocus","梁龙","baby","凡尘砺心","梁龙 的 凡尘砺心 阶段。外形：长颈龙。系列：史前生物。阶段基调：凡尘砺心，#5B6B7A 主色、#8A9BA8 辅色，行路、风雨、远山，必有雨/风。风格：儿童友好的 2.5D 卡通渲染，柔和渐变背景，居中全身像，正面 3/4 视角，无文字。画布：800×1000 竖版，角色主体占 60% 居中偏下。"
"diplodocus","梁龙","growing","道法初成","梁龙 的 道法初成 阶段。外形：巨梁龙。系列：史前生物。阶段基调：道法初成，#C44B2A 主色、#E8B84B 辅色，光芒初绽、首胜、昂首，必有光芒/法器。风格：儿童友好的 2.5D 卡通渲染，柔和渐变背景，居中全身像，正面 3/4 视角，无文字。画布：800×1000 竖版，角色主体占 60% 居中偏下。"
"diplodocus","梁龙","mature","大劫淬炼","梁龙 的 大劫淬炼 阶段。外形：群居龙。系列：史前生物。阶段基调：大劫淬炼，#1A0A0A 主色、#8B1A1A 辅色，碎裂、坠落、血与火，必有火焰/裂痕。风格：儿童友好的 2.5D 卡通渲染，柔和渐变背景，居中全身像，正面 3/4 视角，无文字。画布：800×1000 竖版，角色主体占 60% 居中偏下。"
"diplodocus","梁龙","legendary","封神登天","梁龙 的 封神登天 阶段。外形：温柔巨兽。系列：史前生物。阶段基调：封神登天，#5B2A8A 主色、#F5D742 辅色，冠冕、宝座、万众仰视，必有冠冕/神位。风格：儿童友好的 2.5D 卡通渲染，柔和渐变背景，居中全身像，正面 3/4 视角，无文字。画布：800×1000 竖版，角色主体占 60% 居中偏下。"
"diplodocus","梁龙","transcendent","归真永恒","梁龙 的 归真永恒 阶段。外形：梁龙尊者。系列：史前生物。阶段基调：归真永恒，#F5F0E8 主色、#8A9BA8 辅色，清风、青山、无我之相，必有山水/清风。风格：儿童友好的 2.5D 卡通渲染，柔和渐变背景，居中全身像，正面 3/4 视角，无文字。画布：800×1000 竖版，角色主体占 60% 居中偏下。"
"megalodon","巨齿鲨","egg","灵胎初醒","巨齿鲨 的 灵胎初醒 阶段。外形：巨牙卵。系列：史前生物。阶段基调：灵胎初醒，#4A3A2A 主色、#C4A672 辅色，渺小、独行、破败背景，必有孤灯/破庙。风格：儿童友好的 2.5D 卡通渲染，柔和渐变背景，居中全身像，正面 3/4 视角，无文字。画布：800×1000 竖版，角色主体占 60% 居中偏下。"
"megalodon","巨齿鲨","baby","凡尘砺心","巨齿鲨 的 凡尘砺心 阶段。外形：利齿鲨。系列：史前生物。阶段基调：凡尘砺心，#5B6B7A 主色、#8A9BA8 辅色，行路、风雨、远山，必有雨/风。风格：儿童友好的 2.5D 卡通渲染，柔和渐变背景，居中全身像，正面 3/4 视角，无文字。画布：800×1000 竖版，角色主体占 60% 居中偏下。"
"megalodon","巨齿鲨","growing","道法初成","巨齿鲨 的 道法初成 阶段。外形：深海鲨。系列：史前生物。阶段基调：道法初成，#C44B2A 主色、#E8B84B 辅色，光芒初绽、首胜、昂首，必有光芒/法器。风格：儿童友好的 2.5D 卡通渲染，柔和渐变背景，居中全身像，正面 3/4 视角，无文字。画布：800×1000 竖版，角色主体占 60% 居中偏下。"
"megalodon","巨齿鲨","mature","大劫淬炼","巨齿鲨 的 大劫淬炼 阶段。外形：深蓝鲨。系列：史前生物。阶段基调：大劫淬炼，#1A0A0A 主色、#8B1A1A 辅色，碎裂、坠落、血与火，必有火焰/裂痕。风格：儿童友好的 2.5D 卡通渲染，柔和渐变背景，居中全身像，正面 3/4 视角，无文字。画布：800×1000 竖版，角色主体占 60% 居中偏下。"
"megalodon","巨齿鲨","legendary","封神登天","巨齿鲨 的 封神登天 阶段。外形：巨齿霸主。系列：史前生物。阶段基调：封神登天，#5B2A8A 主色、#F5D742 辅色，冠冕、宝座、万众仰视，必有冠冕/神位。风格：儿童友好的 2.5D 卡通渲染，柔和渐变背景，居中全身像，正面 3/4 视角，无文字。画布：800×1000 竖版，角色主体占 60% 居中偏下。"
"megalodon","巨齿鲨","transcendent","归真永恒","巨齿鲨 的 归真永恒 阶段。外形：巨齿尊者。系列：史前生物。阶段基调：归真永恒，#F5F0E8 主色、#8A9BA8 辅色，清风、青山、无我之相，必有山水/清风。风格：儿童友好的 2.5D 卡通渲染，柔和渐变背景，居中全身像，正面 3/4 视角，无文字。画布：800×1000 竖版，角色主体占 60% 居中偏下。"
"ground_sloth","大地懒","egg","灵胎初醒","大地懒 的 灵胎初醒 阶段。外形：巨爪蛋。系列：史前生物。阶段基调：灵胎初醒，#4A3A2A 主色、#C4A672 辅色，渺小、独行、破败背景，必有孤灯/破庙。风格：儿童友好的 2.5D 卡通渲染，柔和渐变背景，居中全身像，正面 3/4 视角，无文字。画布：800×1000 竖版，角色主体占 60% 居中偏下。"
"ground_sloth","大地懒","baby","凡尘砺心","大地懒 的 凡尘砺心 阶段。外形：巨爪兽。系列：史前生物。阶段基调：凡尘砺心，#5B6B7A 主色、#8A9BA8 辅色，行路、风雨、远山，必有雨/风。风格：儿童友好的 2.5D 卡通渲染，柔和渐变背景，居中全身像，正面 3/4 视角，无文字。画布：800×1000 竖版，角色主体占 60% 居中偏下。"
"ground_sloth","大地懒","growing","道法初成","大地懒 的 道法初成 阶段。外形：大地懒。系列：史前生物。阶段基调：道法初成，#C44B2A 主色、#E8B84B 辅色，光芒初绽、首胜、昂首，必有光芒/法器。风格：儿童友好的 2.5D 卡通渲染，柔和渐变背景，居中全身像，正面 3/4 视角，无文字。画布：800×1000 竖版，角色主体占 60% 居中偏下。"
"ground_sloth","大地懒","mature","大劫淬炼","大地懒 的 大劫淬炼 阶段。外形：耐心巨兽。系列：史前生物。阶段基调：大劫淬炼，#1A0A0A 主色、#8B1A1A 辅色，碎裂、坠落、血与火，必有火焰/裂痕。风格：儿童友好的 2.5D 卡通渲染，柔和渐变背景，居中全身像，正面 3/4 视角，无文字。画布：800×1000 竖版，角色主体占 60% 居中偏下。"
"ground_sloth","大地懒","legendary","封神登天","大地懒 的 封神登天 阶段。外形：大地巨人。系列：史前生物。阶段基调：封神登天，#5B2A8A 主色、#F5D742 辅色，冠冕、宝座、万众仰视，必有冠冕/神位。风格：儿童友好的 2.5D 卡通渲染，柔和渐变背景，居中全身像，正面 3/4 视角，无文字。画布：800×1000 竖版，角色主体占 60% 居中偏下。"
"ground_sloth","大地懒","transcendent","归真永恒","大地懒 的 归真永恒 阶段。外形：大地尊者。系列：史前生物。阶段基调：归真永恒，#F5F0E8 主色、#8A9BA8 辅色，清风、青山、无我之相，必有山水/清风。风格：儿童友好的 2.5D 卡通渲染，柔和渐变背景，居中全身像，正面 3/4 视角，无文字。画布：800×1000 竖版，角色主体占 60% 居中偏下。"
"woolly_rhino","冰河犀牛","egg","灵胎初醒","冰河犀牛 的 灵胎初醒 阶段。外形：冰角蛋。系列：史前生物。阶段基调：灵胎初醒，#4A3A2A 主色、#C4A672 辅色，渺小、独行、破败背景，必有孤灯/破庙。风格：儿童友好的 2.5D 卡通渲染，柔和渐变背景，居中全身像，正面 3/4 视角，无文字。画布：800×1000 竖版，角色主体占 60% 居中偏下。"
"woolly_rhino","冰河犀牛","baby","凡尘砺心","冰河犀牛 的 凡尘砺心 阶段。外形：披毛犀。系列：史前生物。阶段基调：凡尘砺心，#5B6B7A 主色、#8A9BA8 辅色，行路、风雨、远山，必有雨/风。风格：儿童友好的 2.5D 卡通渲染，柔和渐变背景，居中全身像，正面 3/4 视角，无文字。画布：800×1000 竖版，角色主体占 60% 居中偏下。"
"woolly_rhino","冰河犀牛","growing","道法初成","冰河犀牛 的 道法初成 阶段。外形：冰角犀。系列：史前生物。阶段基调：道法初成，#C44B2A 主色、#E8B84B 辅色，光芒初绽、首胜、昂首，必有光芒/法器。风格：儿童友好的 2.5D 卡通渲染，柔和渐变背景，居中全身像，正面 3/4 视角，无文字。画布：800×1000 竖版，角色主体占 60% 居中偏下。"
"woolly_rhino","冰河犀牛","mature","大劫淬炼","冰河犀牛 的 大劫淬炼 阶段。外形：破冰犀。系列：史前生物。阶段基调：大劫淬炼，#1A0A0A 主色、#8B1A1A 辅色，碎裂、坠落、血与火，必有火焰/裂痕。风格：儿童友好的 2.5D 卡通渲染，柔和渐变背景，居中全身像，正面 3/4 视角，无文字。画布：800×1000 竖版，角色主体占 60% 居中偏下。"
"woolly_rhino","冰河犀牛","legendary","封神登天","冰河犀牛 的 封神登天 阶段。外形：冰河之主。系列：史前生物。阶段基调：封神登天，#5B2A8A 主色、#F5D742 辅色，冠冕、宝座、万众仰视，必有冠冕/神位。风格：儿童友好的 2.5D 卡通渲染，柔和渐变背景，居中全身像，正面 3/4 视角，无文字。画布：800×1000 竖版，角色主体占 60% 居中偏下。"
"woolly_rhino","冰河犀牛","transcendent","归真永恒","冰河犀牛 的 归真永恒 阶段。外形：冰河尊者。系列：史前生物。阶段基调：归真永恒，#F5F0E8 主色、#8A9BA8 辅色，清风、青山、无我之相，必有山水/清风。风格：儿童友好的 2.5D 卡通渲染，柔和渐变背景，居中全身像，正面 3/4 视角，无文字。画布：800×1000 竖版，角色主体占 60% 居中偏下。"
"zongzi","粽子","egg","灵胎初醒","粽子 的 灵胎初醒 阶段。外形：箬叶籽。系列：传统节日。阶段基调：灵胎初醒，#4A3A2A 主色、#C4A672 辅色，渺小、独行、破败背景，必有孤灯/破庙。风格：儿童友好的 2.5D 卡通渲染，柔和渐变背景，居中全身像，正面 3/4 视角，无文字。画布：800×1000 竖版，角色主体占 60% 居中偏下。"
"zongzi","粽子","baby","凡尘砺心","粽子 的 凡尘砺心 阶段。外形：糯米团。系列：传统节日。阶段基调：凡尘砺心，#5B6B7A 主色、#8A9BA8 辅色，行路、风雨、远山，必有雨/风。风格：儿童友好的 2.5D 卡通渲染，柔和渐变背景，居中全身像，正面 3/4 视角，无文字。画布：800×1000 竖版，角色主体占 60% 居中偏下。"
"zongzi","粽子","growing","道法初成","粽子 的 道法初成 阶段。外形：蜜枣粽。系列：传统节日。阶段基调：道法初成，#C44B2A 主色、#E8B84B 辅色，光芒初绽、首胜、昂首，必有光芒/法器。风格：儿童友好的 2.5D 卡通渲染，柔和渐变背景，居中全身像，正面 3/4 视角，无文字。画布：800×1000 竖版，角色主体占 60% 居中偏下。"
"zongzi","粽子","mature","大劫淬炼","粽子 的 大劫淬炼 阶段。外形：龙舟粽。系列：传统节日。阶段基调：大劫淬炼，#1A0A0A 主色、#8B1A1A 辅色，碎裂、坠落、血与火，必有火焰/裂痕。风格：儿童友好的 2.5D 卡通渲染，柔和渐变背景，居中全身像，正面 3/4 视角，无文字。画布：800×1000 竖版，角色主体占 60% 居中偏下。"
"zongzi","粽子","legendary","封神登天","粽子 的 封神登天 阶段。外形：五月粽。系列：传统节日。阶段基调：封神登天，#5B2A8A 主色、#F5D742 辅色，冠冕、宝座、万众仰视，必有冠冕/神位。风格：儿童友好的 2.5D 卡通渲染，柔和渐变背景，居中全身像，正面 3/4 视角，无文字。画布：800×1000 竖版，角色主体占 60% 居中偏下。"
"zongzi","粽子","transcendent","归真永恒","粽子 的 归真永恒 阶段。外形：屈子之志。系列：传统节日。阶段基调：归真永恒，#F5F0E8 主色、#8A9BA8 辅色，清风、青山、无我之相，必有山水/清风。风格：儿童友好的 2.5D 卡通渲染，柔和渐变背景，居中全身像，正面 3/4 视角，无文字。画布：800×1000 竖版，角色主体占 60% 居中偏下。"
"tangyuan","汤圆","egg","灵胎初醒","汤圆 的 灵胎初醒 阶段。外形：糯米团。系列：传统节日。阶段基调：灵胎初醒，#4A3A2A 主色、#C4A672 辅色，渺小、独行、破败背景，必有孤灯/破庙。风格：儿童友好的 2.5D 卡通渲染，柔和渐变背景，居中全身像，正面 3/4 视角，无文字。画布：800×1000 竖版，角色主体占 60% 居中偏下。"
"tangyuan","汤圆","baby","凡尘砺心","汤圆 的 凡尘砺心 阶段。外形：小圆子。系列：传统节日。阶段基调：凡尘砺心，#5B6B7A 主色、#8A9BA8 辅色，行路、风雨、远山，必有雨/风。风格：儿童友好的 2.5D 卡通渲染，柔和渐变背景，居中全身像，正面 3/4 视角，无文字。画布：800×1000 竖版，角色主体占 60% 居中偏下。"
"tangyuan","汤圆","growing","道法初成","汤圆 的 道法初成 阶段。外形：流心芝麻。系列：传统节日。阶段基调：道法初成，#C44B2A 主色、#E8B84B 辅色，光芒初绽、首胜、昂首，必有光芒/法器。风格：儿童友好的 2.5D 卡通渲染，柔和渐变背景，居中全身像，正面 3/4 视角，无文字。画布：800×1000 竖版，角色主体占 60% 居中偏下。"
"tangyuan","汤圆","mature","大劫淬炼","汤圆 的 大劫淬炼 阶段。外形：元宵。系列：传统节日。阶段基调：大劫淬炼，#1A0A0A 主色、#8B1A1A 辅色，碎裂、坠落、血与火，必有火焰/裂痕。风格：儿童友好的 2.5D 卡通渲染，柔和渐变背景，居中全身像，正面 3/4 视角，无文字。画布：800×1000 竖版，角色主体占 60% 居中偏下。"
"tangyuan","汤圆","legendary","封神登天","汤圆 的 封神登天 阶段。外形：元夕汤圆。系列：传统节日。阶段基调：封神登天，#5B2A8A 主色、#F5D742 辅色，冠冕、宝座、万众仰视，必有冠冕/神位。风格：儿童友好的 2.5D 卡通渲染，柔和渐变背景，居中全身像，正面 3/4 视角，无文字。画布：800×1000 竖版，角色主体占 60% 居中偏下。"
"tangyuan","汤圆","transcendent","归真永恒","汤圆 的 归真永恒 阶段。外形：玉润尊者。系列：传统节日。阶段基调：归真永恒，#F5F0E8 主色、#8A9BA8 辅色，清风、青山、无我之相，必有山水/清风。风格：儿童友好的 2.5D 卡通渲染，柔和渐变背景，居中全身像，正面 3/4 视角，无文字。画布：800×1000 竖版，角色主体占 60% 居中偏下。"
"mooncake","月饼","egg","灵胎初醒","月饼 的 灵胎初醒 阶段。外形：面团胚。系列：传统节日。阶段基调：灵胎初醒，#4A3A2A 主色、#C4A672 辅色，渺小、独行、破败背景，必有孤灯/破庙。风格：儿童友好的 2.5D 卡通渲染，柔和渐变背景，居中全身像，正面 3/4 视角，无文字。画布：800×1000 竖版，角色主体占 60% 居中偏下。"
"mooncake","月饼","baby","凡尘砺心","月饼 的 凡尘砺心 阶段。外形：小月饼。系列：传统节日。阶段基调：凡尘砺心，#5B6B7A 主色、#8A9BA8 辅色，行路、风雨、远山，必有雨/风。风格：儿童友好的 2.5D 卡通渲染，柔和渐变背景，居中全身像，正面 3/4 视角，无文字。画布：800×1000 竖版，角色主体占 60% 居中偏下。"
"mooncake","月饼","growing","道法初成","月饼 的 道法初成 阶段。外形：莲蓉月饼。系列：传统节日。阶段基调：道法初成，#C44B2A 主色、#E8B84B 辅色，光芒初绽、首胜、昂首，必有光芒/法器。风格：儿童友好的 2.5D 卡通渲染，柔和渐变背景，居中全身像，正面 3/4 视角，无文字。画布：800×1000 竖版，角色主体占 60% 居中偏下。"
"mooncake","月饼","mature","大劫淬炼","月饼 的 大劫淬炼 阶段。外形：冰皮流心。系列：传统节日。阶段基调：大劫淬炼，#1A0A0A 主色、#8B1A1A 辅色，碎裂、坠落、血与火，必有火焰/裂痕。风格：儿童友好的 2.5D 卡通渲染，柔和渐变背景，居中全身像，正面 3/4 视角，无文字。画布：800×1000 竖版，角色主体占 60% 居中偏下。"
"mooncake","月饼","legendary","封神登天","月饼 的 封神登天 阶段。外形：中秋月饼。系列：传统节日。阶段基调：封神登天，#5B2A8A 主色、#F5D742 辅色，冠冕、宝座、万众仰视，必有冠冕/神位。风格：儿童友好的 2.5D 卡通渲染，柔和渐变背景，居中全身像，正面 3/4 视角，无文字。画布：800×1000 竖版，角色主体占 60% 居中偏下。"
"mooncake","月饼","transcendent","归真永恒","月饼 的 归真永恒 阶段。外形：明月尊者。系列：传统节日。阶段基调：归真永恒，#F5F0E8 主色、#8A9BA8 辅色，清风、青山、无我之相，必有山水/清风。风格：儿童友好的 2.5D 卡通渲染，柔和渐变背景，居中全身像，正面 3/4 视角，无文字。画布：800×1000 竖版，角色主体占 60% 居中偏下。"
"qingtuan","青团","egg","灵胎初醒","青团 的 灵胎初醒 阶段。外形：艾草芽。系列：传统节日。阶段基调：灵胎初醒，#4A3A2A 主色、#C4A672 辅色，渺小、独行、破败背景，必有孤灯/破庙。风格：儿童友好的 2.5D 卡通渲染，柔和渐变背景，居中全身像，正面 3/4 视角，无文字。画布：800×1000 竖版，角色主体占 60% 居中偏下。"
"qingtuan","青团","baby","凡尘砺心","青团 的 凡尘砺心 阶段。外形：小青团。系列：传统节日。阶段基调：凡尘砺心，#5B6B7A 主色、#8A9BA8 辅色，行路、风雨、远山，必有雨/风。风格：儿童友好的 2.5D 卡通渲染，柔和渐变背景，居中全身像，正面 3/4 视角，无文字。画布：800×1000 竖版，角色主体占 60% 居中偏下。"
"qingtuan","青团","growing","道法初成","青团 的 道法初成 阶段。外形：艾香团。系列：传统节日。阶段基调：道法初成，#C44B2A 主色、#E8B84B 辅色，光芒初绽、首胜、昂首，必有光芒/法器。风格：儿童友好的 2.5D 卡通渲染，柔和渐变背景，居中全身像，正面 3/4 视角，无文字。画布：800×1000 竖版，角色主体占 60% 居中偏下。"
"qingtuan","青团","mature","大劫淬炼","青团 的 大劫淬炼 阶段。外形：清明团。系列：传统节日。阶段基调：大劫淬炼，#1A0A0A 主色、#8B1A1A 辅色，碎裂、坠落、血与火，必有火焰/裂痕。风格：儿童友好的 2.5D 卡通渲染，柔和渐变背景，居中全身像，正面 3/4 视角，无文字。画布：800×1000 竖版，角色主体占 60% 居中偏下。"
"qingtuan","青团","legendary","封神登天","青团 的 封神登天 阶段。外形：春意青团。系列：传统节日。阶段基调：封神登天，#5B2A8A 主色、#F5D742 辅色，冠冕、宝座、万众仰视，必有冠冕/神位。风格：儿童友好的 2.5D 卡通渲染，柔和渐变背景，居中全身像，正面 3/4 视角，无文字。画布：800×1000 竖版，角色主体占 60% 居中偏下。"
"qingtuan","青团","transcendent","归真永恒","青团 的 归真永恒 阶段。外形：青翠尊者。系列：传统节日。阶段基调：归真永恒，#F5F0E8 主色、#8A9BA8 辅色，清风、青山、无我之相，必有山水/清风。风格：儿童友好的 2.5D 卡通渲染，柔和渐变背景，居中全身像，正面 3/4 视角，无文字。画布：800×1000 竖版，角色主体占 60% 居中偏下。"
"chongyang_cake","重阳糕","egg","灵胎初醒","重阳糕 的 灵胎初醒 阶段。外形：米粉种。系列：传统节日。阶段基调：灵胎初醒，#4A3A2A 主色、#C4A672 辅色，渺小、独行、破败背景，必有孤灯/破庙。风格：儿童友好的 2.5D 卡通渲染，柔和渐变背景，居中全身像，正面 3/4 视角，无文字。画布：800×1000 竖版，角色主体占 60% 居中偏下。"
"chongyang_cake","重阳糕","baby","凡尘砺心","重阳糕 的 凡尘砺心 阶段。外形：小糕塔。系列：传统节日。阶段基调：凡尘砺心，#5B6B7A 主色、#8A9BA8 辅色，行路、风雨、远山，必有雨/风。风格：儿童友好的 2.5D 卡通渲染，柔和渐变背景，居中全身像，正面 3/4 视角，无文字。画布：800×1000 竖版，角色主体占 60% 居中偏下。"
"chongyang_cake","重阳糕","growing","道法初成","重阳糕 的 道法初成 阶段。外形：枣泥糕。系列：传统节日。阶段基调：道法初成，#C44B2A 主色、#E8B84B 辅色，光芒初绽、首胜、昂首，必有光芒/法器。风格：儿童友好的 2.5D 卡通渲染，柔和渐变背景，居中全身像，正面 3/4 视角，无文字。画布：800×1000 竖版，角色主体占 60% 居中偏下。"
"chongyang_cake","重阳糕","mature","大劫淬炼","重阳糕 的 大劫淬炼 阶段。外形：步步糕。系列：传统节日。阶段基调：大劫淬炼，#1A0A0A 主色、#8B1A1A 辅色，碎裂、坠落、血与火，必有火焰/裂痕。风格：儿童友好的 2.5D 卡通渲染，柔和渐变背景，居中全身像，正面 3/4 视角，无文字。画布：800×1000 竖版，角色主体占 60% 居中偏下。"
"chongyang_cake","重阳糕","legendary","封神登天","重阳糕 的 封神登天 阶段。外形：福寿糕。系列：传统节日。阶段基调：封神登天，#5B2A8A 主色、#F5D742 辅色，冠冕、宝座、万众仰视，必有冠冕/神位。风格：儿童友好的 2.5D 卡通渲染，柔和渐变背景，居中全身像，正面 3/4 视角，无文字。画布：800×1000 竖版，角色主体占 60% 居中偏下。"
"chongyang_cake","重阳糕","transcendent","归真永恒","重阳糕 的 归真永恒 阶段。外形：登高尊者。系列：传统节日。阶段基调：归真永恒，#F5F0E8 主色、#8A9BA8 辅色，清风、青山、无我之相，必有山水/清风。风格：儿童友好的 2.5D 卡通渲染，柔和渐变背景，居中全身像，正面 3/4 视角，无文字。画布：800×1000 竖版，角色主体占 60% 居中偏下。"
"niangao","年糕","egg","灵胎初醒","年糕 的 灵胎初醒 阶段。外形：糯米砖。系列：传统节日。阶段基调：灵胎初醒，#4A3A2A 主色、#C4A672 辅色，渺小、独行、破败背景，必有孤灯/破庙。风格：儿童友好的 2.5D 卡通渲染，柔和渐变背景，居中全身像，正面 3/4 视角，无文字。画布：800×1000 竖版，角色主体占 60% 居中偏下。"
"niangao","年糕","baby","凡尘砺心","年糕 的 凡尘砺心 阶段。外形：软年糕。系列：传统节日。阶段基调：凡尘砺心，#5B6B7A 主色、#8A9BA8 辅色，行路、风雨、远山，必有雨/风。风格：儿童友好的 2.5D 卡通渲染，柔和渐变背景，居中全身像，正面 3/4 视角，无文字。画布：800×1000 竖版，角色主体占 60% 居中偏下。"
"niangao","年糕","growing","道法初成","年糕 的 道法初成 阶段。外形：打年糕。系列：传统节日。阶段基调：道法初成，#C44B2A 主色、#E8B84B 辅色，光芒初绽、首胜、昂首，必有光芒/法器。风格：儿童友好的 2.5D 卡通渲染，柔和渐变背景，居中全身像，正面 3/4 视角，无文字。画布：800×1000 竖版，角色主体占 60% 居中偏下。"
"niangao","年糕","mature","大劫淬炼","年糕 的 大劫淬炼 阶段。外形：步步高。系列：传统节日。阶段基调：大劫淬炼，#1A0A0A 主色、#8B1A1A 辅色，碎裂、坠落、血与火，必有火焰/裂痕。风格：儿童友好的 2.5D 卡通渲染，柔和渐变背景，居中全身像，正面 3/4 视角，无文字。画布：800×1000 竖版，角色主体占 60% 居中偏下。"
"niangao","年糕","legendary","封神登天","年糕 的 封神登天 阶段。外形：福禄年糕。系列：传统节日。阶段基调：封神登天，#5B2A8A 主色、#F5D742 辅色，冠冕、宝座、万众仰视，必有冠冕/神位。风格：儿童友好的 2.5D 卡通渲染，柔和渐变背景，居中全身像，正面 3/4 视角，无文字。画布：800×1000 竖版，角色主体占 60% 居中偏下。"
"niangao","年糕","transcendent","归真永恒","年糕 的 归真永恒 阶段。外形：年糕尊者。系列：传统节日。阶段基调：归真永恒，#F5F0E8 主色、#8A9BA8 辅色，清风、青山、无我之相，必有山水/清风。风格：儿童友好的 2.5D 卡通渲染，柔和渐变背景，居中全身像，正面 3/4 视角，无文字。画布：800×1000 竖版，角色主体占 60% 居中偏下。"
"laba_porridge","腊八粥","egg","灵胎初醒","腊八粥 的 灵胎初醒 阶段。外形：谷粒籽。系列：传统节日。阶段基调：灵胎初醒，#4A3A2A 主色、#C4A672 辅色，渺小、独行、破败背景，必有孤灯/破庙。风格：儿童友好的 2.5D 卡通渲染，柔和渐变背景，居中全身像，正面 3/4 视角，无文字。画布：800×1000 竖版，角色主体占 60% 居中偏下。"
"laba_porridge","腊八粥","baby","凡尘砺心","腊八粥 的 凡尘砺心 阶段。外形：五谷粥。系列：传统节日。阶段基调：凡尘砺心，#5B6B7A 主色、#8A9BA8 辅色，行路、风雨、远山，必有雨/风。风格：儿童友好的 2.5D 卡通渲染，柔和渐变背景，居中全身像，正面 3/4 视角，无文字。画布：800×1000 竖版，角色主体占 60% 居中偏下。"
"laba_porridge","腊八粥","growing","道法初成","腊八粥 的 道法初成 阶段。外形：佛粥。系列：传统节日。阶段基调：道法初成，#C44B2A 主色、#E8B84B 辅色，光芒初绽、首胜、昂首，必有光芒/法器。风格：儿童友好的 2.5D 卡通渲染，柔和渐变背景，居中全身像，正面 3/4 视角，无文字。画布：800×1000 竖版，角色主体占 60% 居中偏下。"
"laba_porridge","腊八粥","mature","大劫淬炼","腊八粥 的 大劫淬炼 阶段。外形：百谷粥。系列：传统节日。阶段基调：大劫淬炼，#1A0A0A 主色、#8B1A1A 辅色，碎裂、坠落、血与火，必有火焰/裂痕。风格：儿童友好的 2.5D 卡通渲染，柔和渐变背景，居中全身像，正面 3/4 视角，无文字。画布：800×1000 竖版，角色主体占 60% 居中偏下。"
"laba_porridge","腊八粥","legendary","封神登天","腊八粥 的 封神登天 阶段。外形：融和大师。系列：传统节日。阶段基调：封神登天，#5B2A8A 主色、#F5D742 辅色，冠冕、宝座、万众仰视，必有冠冕/神位。风格：儿童友好的 2.5D 卡通渲染，柔和渐变背景，居中全身像，正面 3/4 视角，无文字。画布：800×1000 竖版，角色主体占 60% 居中偏下。"
"laba_porridge","腊八粥","transcendent","归真永恒","腊八粥 的 归真永恒 阶段。外形：百味尊者。系列：传统节日。阶段基调：归真永恒，#F5F0E8 主色、#8A9BA8 辅色，清风、青山、无我之相，必有山水/清风。风格：儿童友好的 2.5D 卡通渲染，柔和渐变背景，居中全身像，正面 3/4 视角，无文字。画布：800×1000 竖版，角色主体占 60% 居中偏下。"
"spring_pancake","春饼","egg","灵胎初醒","春饼 的 灵胎初醒 阶段。外形：面糊团。系列：传统节日。阶段基调：灵胎初醒，#4A3A2A 主色、#C4A672 辅色，渺小、独行、破败背景，必有孤灯/破庙。风格：儿童友好的 2.5D 卡通渲染，柔和渐变背景，居中全身像，正面 3/4 视角，无文字。画布：800×1000 竖版，角色主体占 60% 居中偏下。"
"spring_pancake","春饼","baby","凡尘砺心","春饼 的 凡尘砺心 阶段。外形：烙春饼。系列：传统节日。阶段基调：凡尘砺心，#5B6B7A 主色、#8A9BA8 辅色，行路、风雨、远山，必有雨/风。风格：儿童友好的 2.5D 卡通渲染，柔和渐变背景，居中全身像，正面 3/4 视角，无文字。画布：800×1000 竖版，角色主体占 60% 居中偏下。"
"spring_pancake","春饼","growing","道法初成","春饼 的 道法初成 阶段。外形：咬春饼。系列：传统节日。阶段基调：道法初成，#C44B2A 主色、#E8B84B 辅色，光芒初绽、首胜、昂首，必有光芒/法器。风格：儿童友好的 2.5D 卡通渲染，柔和渐变背景，居中全身像，正面 3/4 视角，无文字。画布：800×1000 竖版，角色主体占 60% 居中偏下。"
"spring_pancake","春饼","mature","大劫淬炼","春饼 的 大劫淬炼 阶段。外形：薄脆饼。系列：传统节日。阶段基调：大劫淬炼，#1A0A0A 主色、#8B1A1A 辅色，碎裂、坠落、血与火，必有火焰/裂痕。风格：儿童友好的 2.5D 卡通渲染，柔和渐变背景，居中全身像，正面 3/4 视角，无文字。画布：800×1000 竖版，角色主体占 60% 居中偏下。"
"spring_pancake","春饼","legendary","封神登天","春饼 的 封神登天 阶段。外形：咬春大师。系列：传统节日。阶段基调：封神登天，#5B2A8A 主色、#F5D742 辅色，冠冕、宝座、万众仰视，必有冠冕/神位。风格：儿童友好的 2.5D 卡通渲染，柔和渐变背景，居中全身像，正面 3/4 视角，无文字。画布：800×1000 竖版，角色主体占 60% 居中偏下。"
"spring_pancake","春饼","transcendent","归真永恒","春饼 的 归真永恒 阶段。外形：春味尊者。系列：传统节日。阶段基调：归真永恒，#F5F0E8 主色、#8A9BA8 辅色，清风、青山、无我之相，必有山水/清风。风格：儿童友好的 2.5D 卡通渲染，柔和渐变背景，居中全身像，正面 3/4 视角，无文字。画布：800×1000 竖版，角色主体占 60% 居中偏下。"
"tanghulu","冰糖葫芦","egg","灵胎初醒","冰糖葫芦 的 灵胎初醒 阶段。外形：山楂果。系列：传统节日。阶段基调：灵胎初醒，#4A3A2A 主色、#C4A672 辅色，渺小、独行、破败背景，必有孤灯/破庙。风格：儿童友好的 2.5D 卡通渲染，柔和渐变背景，居中全身像，正面 3/4 视角，无文字。画布：800×1000 竖版，角色主体占 60% 居中偏下。"
"tanghulu","冰糖葫芦","baby","凡尘砺心","冰糖葫芦 的 凡尘砺心 阶段。外形：小糖葫芦。系列：传统节日。阶段基调：凡尘砺心，#5B6B7A 主色、#8A9BA8 辅色，行路、风雨、远山，必有雨/风。风格：儿童友好的 2.5D 卡通渲染，柔和渐变背景，居中全身像，正面 3/4 视角，无文字。画布：800×1000 竖版，角色主体占 60% 居中偏下。"
"tanghulu","冰糖葫芦","growing","道法初成","冰糖葫芦 的 道法初成 阶段。外形：冰糖葫芦。系列：传统节日。阶段基调：道法初成，#C44B2A 主色、#E8B84B 辅色，光芒初绽、首胜、昂首，必有光芒/法器。风格：儿童友好的 2.5D 卡通渲染，柔和渐变背景，居中全身像，正面 3/4 视角，无文字。画布：800×1000 竖版，角色主体占 60% 居中偏下。"
"tanghulu","冰糖葫芦","mature","大劫淬炼","冰糖葫芦 的 大劫淬炼 阶段。外形：糖葫芦串。系列：传统节日。阶段基调：大劫淬炼，#1A0A0A 主色、#8B1A1A 辅色，碎裂、坠落、血与火，必有火焰/裂痕。风格：儿童友好的 2.5D 卡通渲染，柔和渐变背景，居中全身像，正面 3/4 视角，无文字。画布：800×1000 竖版，角色主体占 60% 居中偏下。"
"tanghulu","冰糖葫芦","legendary","封神登天","冰糖葫芦 的 封神登天 阶段。外形：甜蜜大师。系列：传统节日。阶段基调：封神登天，#5B2A8A 主色、#F5D742 辅色，冠冕、宝座、万众仰视，必有冠冕/神位。风格：儿童友好的 2.5D 卡通渲染，柔和渐变背景，居中全身像，正面 3/4 视角，无文字。画布：800×1000 竖版，角色主体占 60% 居中偏下。"
"tanghulu","冰糖葫芦","transcendent","归真永恒","冰糖葫芦 的 归真永恒 阶段。外形：酸甜尊者。系列：传统节日。阶段基调：归真永恒，#F5F0E8 主色、#8A9BA8 辅色，清风、青山、无我之相，必有山水/清风。风格：儿童友好的 2.5D 卡通渲染，柔和渐变背景，居中全身像，正面 3/4 视角，无文字。画布：800×1000 竖版，角色主体占 60% 居中偏下。"
"osmanthus_cake","桂花糕","egg","灵胎初醒","桂花糕 的 灵胎初醒 阶段。外形：桂子籽。系列：传统节日。阶段基调：灵胎初醒，#4A3A2A 主色、#C4A672 辅色，渺小、独行、破败背景，必有孤灯/破庙。风格：儿童友好的 2.5D 卡通渲染，柔和渐变背景，居中全身像，正面 3/4 视角，无文字。画布：800×1000 竖版，角色主体占 60% 居中偏下。"
"osmanthus_cake","桂花糕","baby","凡尘砺心","桂花糕 的 凡尘砺心 阶段。外形：桂花糕。系列：传统节日。阶段基调：凡尘砺心，#5B6B7A 主色、#8A9BA8 辅色，行路、风雨、远山，必有雨/风。风格：儿童友好的 2.5D 卡通渲染，柔和渐变背景，居中全身像，正面 3/4 视角，无文字。画布：800×1000 竖版，角色主体占 60% 居中偏下。"
"osmanthus_cake","桂花糕","growing","道法初成","桂花糕 的 道法初成 阶段。外形：金桂糕。系列：传统节日。阶段基调：道法初成，#C44B2A 主色、#E8B84B 辅色，光芒初绽、首胜、昂首，必有光芒/法器。风格：儿童友好的 2.5D 卡通渲染，柔和渐变背景，居中全身像，正面 3/4 视角，无文字。画布：800×1000 竖版，角色主体占 60% 居中偏下。"
"osmanthus_cake","桂花糕","mature","大劫淬炼","桂花糕 的 大劫淬炼 阶段。外形：月桂糕。系列：传统节日。阶段基调：大劫淬炼，#1A0A0A 主色、#8B1A1A 辅色，碎裂、坠落、血与火，必有火焰/裂痕。风格：儿童友好的 2.5D 卡通渲染，柔和渐变背景，居中全身像，正面 3/4 视角，无文字。画布：800×1000 竖版，角色主体占 60% 居中偏下。"
"osmanthus_cake","桂花糕","legendary","封神登天","桂花糕 的 封神登天 阶段。外形：金桂之王。系列：传统节日。阶段基调：封神登天，#5B2A8A 主色、#F5D742 辅色，冠冕、宝座、万众仰视，必有冠冕/神位。风格：儿童友好的 2.5D 卡通渲染，柔和渐变背景，居中全身像，正面 3/4 视角，无文字。画布：800×1000 竖版，角色主体占 60% 居中偏下。"
"osmanthus_cake","桂花糕","transcendent","归真永恒","桂花糕 的 归真永恒 阶段。外形：桂香尊者。系列：传统节日。阶段基调：归真永恒，#F5F0E8 主色、#8A9BA8 辅色，清风、青山、无我之相，必有山水/清风。风格：儿童友好的 2.5D 卡通渲染，柔和渐变背景，居中全身像，正面 3/4 视角，无文字。画布：800×1000 竖版，角色主体占 60% 居中偏下。"
"wonton","馄饨","egg","灵胎初醒","馄饨 的 灵胎初醒 阶段。外形：面皮种。系列：传统节日。阶段基调：灵胎初醒，#4A3A2A 主色、#C4A672 辅色，渺小、独行、破败背景，必有孤灯/破庙。风格：儿童友好的 2.5D 卡通渲染，柔和渐变背景，居中全身像，正面 3/4 视角，无文字。画布：800×1000 竖版，角色主体占 60% 居中偏下。"
"wonton","馄饨","baby","凡尘砺心","馄饨 的 凡尘砺心 阶段。外形：云吞。系列：传统节日。阶段基调：凡尘砺心，#5B6B7A 主色、#8A9BA8 辅色，行路、风雨、远山，必有雨/风。风格：儿童友好的 2.5D 卡通渲染，柔和渐变背景，居中全身像，正面 3/4 视角，无文字。画布：800×1000 竖版，角色主体占 60% 居中偏下。"
"wonton","馄饨","growing","道法初成","馄饨 的 道法初成 阶段。外形：元宝云吞。系列：传统节日。阶段基调：道法初成，#C44B2A 主色、#E8B84B 辅色，光芒初绽、首胜、昂首，必有光芒/法器。风格：儿童友好的 2.5D 卡通渲染，柔和渐变背景，居中全身像，正面 3/4 视角，无文字。画布：800×1000 竖版，角色主体占 60% 居中偏下。"
"wonton","馄饨","mature","大劫淬炼","馄饨 的 大劫淬炼 阶段。外形：鲜肉馄饨。系列：传统节日。阶段基调：大劫淬炼，#1A0A0A 主色、#8B1A1A 辅色，碎裂、坠落、血与火，必有火焰/裂痕。风格：儿童友好的 2.5D 卡通渲染，柔和渐变背景，居中全身像，正面 3/4 视角，无文字。画布：800×1000 竖版，角色主体占 60% 居中偏下。"
"wonton","馄饨","legendary","封神登天","馄饨 的 封神登天 阶段。外形：大厨馄饨。系列：传统节日。阶段基调：封神登天，#5B2A8A 主色、#F5D742 辅色，冠冕、宝座、万众仰视，必有冠冕/神位。风格：儿童友好的 2.5D 卡通渲染，柔和渐变背景，居中全身像，正面 3/4 视角，无文字。画布：800×1000 竖版，角色主体占 60% 居中偏下。"
"wonton","馄饨","transcendent","归真永恒","馄饨 的 归真永恒 阶段。外形：馄饨尊者。系列：传统节日。阶段基调：归真永恒，#F5F0E8 主色、#8A9BA8 辅色，清风、青山、无我之相，必有山水/清风。风格：儿童友好的 2.5D 卡通渲染，柔和渐变背景，居中全身像，正面 3/4 视角，无文字。画布：800×1000 竖版，角色主体占 60% 居中偏下。"
"festival_lantern","花灯","egg","灵胎初醒","花灯 的 灵胎初醒 阶段。外形：竹骨灯。系列：传统节日。阶段基调：灵胎初醒，#4A3A2A 主色、#C4A672 辅色，渺小、独行、破败背景，必有孤灯/破庙。风格：儿童友好的 2.5D 卡通渲染，柔和渐变背景，居中全身像，正面 3/4 视角，无文字。画布：800×1000 竖版，角色主体占 60% 居中偏下。"
"festival_lantern","花灯","baby","凡尘砺心","花灯 的 凡尘砺心 阶段。外形：花灯仔。系列：传统节日。阶段基调：凡尘砺心，#5B6B7A 主色、#8A9BA8 辅色，行路、风雨、远山，必有雨/风。风格：儿童友好的 2.5D 卡通渲染，柔和渐变背景，居中全身像，正面 3/4 视角，无文字。画布：800×1000 竖版，角色主体占 60% 居中偏下。"
"festival_lantern","花灯","growing","道法初成","花灯 的 道法初成 阶段。外形：上元灯。系列：传统节日。阶段基调：道法初成，#C44B2A 主色、#E8B84B 辅色，光芒初绽、首胜、昂首，必有光芒/法器。风格：儿童友好的 2.5D 卡通渲染，柔和渐变背景，居中全身像，正面 3/4 视角，无文字。画布：800×1000 竖版，角色主体占 60% 居中偏下。"
"festival_lantern","花灯","mature","大劫淬炼","花灯 的 大劫淬炼 阶段。外形：宫灯。系列：传统节日。阶段基调：大劫淬炼，#1A0A0A 主色、#8B1A1A 辅色，碎裂、坠落、血与火，必有火焰/裂痕。风格：儿童友好的 2.5D 卡通渲染，柔和渐变背景，居中全身像，正面 3/4 视角，无文字。画布：800×1000 竖版，角色主体占 60% 居中偏下。"
"festival_lantern","花灯","legendary","封神登天","花灯 的 封神登天 阶段。外形：灯会主角。系列：传统节日。阶段基调：封神登天，#5B2A8A 主色、#F5D742 辅色，冠冕、宝座、万众仰视，必有冠冕/神位。风格：儿童友好的 2.5D 卡通渲染，柔和渐变背景，居中全身像，正面 3/4 视角，无文字。画布：800×1000 竖版，角色主体占 60% 居中偏下。"
"festival_lantern","花灯","transcendent","归真永恒","花灯 的 归真永恒 阶段。外形：灯影尊者。系列：传统节日。阶段基调：归真永恒，#F5F0E8 主色、#8A9BA8 辅色，清风、青山、无我之相，必有山水/清风。风格：儿童友好的 2.5D 卡通渲染，柔和渐变背景，居中全身像，正面 3/4 视角，无文字。画布：800×1000 竖版，角色主体占 60% 居中偏下。"
"hongmao","虹猫","egg","灵胎初醒","虹猫 的 灵胎初醒 阶段。外形：剑意种子。系列：虹猫蓝兔七侠传。阶段基调：灵胎初醒，#4A3A2A 主色、#C4A672 辅色，渺小、独行、破败背景，必有孤灯/破庙。风格：儿童友好的 2.5D 卡通渲染，柔和渐变背景，居中全身像，正面 3/4 视角，无文字。画布：800×1000 竖版，角色主体占 60% 居中偏下。"
"hongmao","虹猫","baby","凡尘砺心","虹猫 的 凡尘砺心 阶段。外形：红衣小猫。系列：虹猫蓝兔七侠传。阶段基调：凡尘砺心，#5B6B7A 主色、#8A9BA8 辅色，行路、风雨、远山，必有雨/风。风格：儿童友好的 2.5D 卡通渲染，柔和渐变背景，居中全身像，正面 3/4 视角，无文字。画布：800×1000 竖版，角色主体占 60% 居中偏下。"
"hongmao","虹猫","growing","道法初成","虹猫 的 道法初成 阶段。外形：长虹剑出。系列：虹猫蓝兔七侠传。阶段基调：道法初成，#C44B2A 主色、#E8B84B 辅色，光芒初绽、首胜、昂首，必有光芒/法器。风格：儿童友好的 2.5D 卡通渲染，柔和渐变背景，居中全身像，正面 3/4 视角，无文字。画布：800×1000 竖版，角色主体占 60% 居中偏下。"
"hongmao","虹猫","mature","大劫淬炼","虹猫 的 大劫淬炼 阶段。外形：侠义之心。系列：虹猫蓝兔七侠传。阶段基调：大劫淬炼，#1A0A0A 主色、#8B1A1A 辅色，碎裂、坠落、血与火，必有火焰/裂痕。风格：儿童友好的 2.5D 卡通渲染，柔和渐变背景，居中全身像，正面 3/4 视角，无文字。画布：800×1000 竖版，角色主体占 60% 居中偏下。"
"hongmao","虹猫","legendary","封神登天","虹猫 的 封神登天 阶段。外形：七剑之首。系列：虹猫蓝兔七侠传。阶段基调：封神登天，#5B2A8A 主色、#F5D742 辅色，冠冕、宝座、万众仰视，必有冠冕/神位。风格：儿童友好的 2.5D 卡通渲染，柔和渐变背景，居中全身像，正面 3/4 视角，无文字。画布：800×1000 竖版，角色主体占 60% 居中偏下。"
"hongmao","虹猫","transcendent","归真永恒","虹猫 的 归真永恒 阶段。外形：剑之尊者。系列：虹猫蓝兔七侠传。阶段基调：归真永恒，#F5F0E8 主色、#8A9BA8 辅色，清风、青山、无我之相，必有山水/清风。风格：儿童友好的 2.5D 卡通渲染，柔和渐变背景，居中全身像，正面 3/4 视角，无文字。画布：800×1000 竖版，角色主体占 60% 居中偏下。"
"lantu","蓝兔","egg","灵胎初醒","蓝兔 的 灵胎初醒 阶段。外形：冰魄剑意。系列：虹猫蓝兔七侠传。阶段基调：灵胎初醒，#4A3A2A 主色、#C4A672 辅色，渺小、独行、破败背景，必有孤灯/破庙。风格：儿童友好的 2.5D 卡通渲染，柔和渐变背景，居中全身像，正面 3/4 视角，无文字。画布：800×1000 竖版，角色主体占 60% 居中偏下。"
"lantu","蓝兔","baby","凡尘砺心","蓝兔 的 凡尘砺心 阶段。外形：蓝衣兔。系列：虹猫蓝兔七侠传。阶段基调：凡尘砺心，#5B6B7A 主色、#8A9BA8 辅色，行路、风雨、远山，必有雨/风。风格：儿童友好的 2.5D 卡通渲染，柔和渐变背景，居中全身像，正面 3/4 视角，无文字。画布：800×1000 竖版，角色主体占 60% 居中偏下。"
"lantu","蓝兔","growing","道法初成","蓝兔 的 道法初成 阶段。外形：冰魄剑出。系列：虹猫蓝兔七侠传。阶段基调：道法初成，#C44B2A 主色、#E8B84B 辅色，光芒初绽、首胜、昂首，必有光芒/法器。风格：儿童友好的 2.5D 卡通渲染，柔和渐变背景，居中全身像，正面 3/4 视角，无文字。画布：800×1000 竖版，角色主体占 60% 居中偏下。"
"lantu","蓝兔","mature","大劫淬炼","蓝兔 的 大劫淬炼 阶段。外形：寒光剑影。系列：虹猫蓝兔七侠传。阶段基调：大劫淬炼，#1A0A0A 主色、#8B1A1A 辅色，碎裂、坠落、血与火，必有火焰/裂痕。风格：儿童友好的 2.5D 卡通渲染，柔和渐变背景，居中全身像，正面 3/4 视角，无文字。画布：800×1000 竖版，角色主体占 60% 居中偏下。"
"lantu","蓝兔","legendary","封神登天","蓝兔 的 封神登天 阶段。外形：玉兔剑仙。系列：虹猫蓝兔七侠传。阶段基调：封神登天，#5B2A8A 主色、#F5D742 辅色，冠冕、宝座、万众仰视，必有冠冕/神位。风格：儿童友好的 2.5D 卡通渲染，柔和渐变背景，居中全身像，正面 3/4 视角，无文字。画布：800×1000 竖版，角色主体占 60% 居中偏下。"
"lantu","蓝兔","transcendent","归真永恒","蓝兔 的 归真永恒 阶段。外形：剑之尊者。系列：虹猫蓝兔七侠传。阶段基调：归真永恒，#F5F0E8 主色、#8A9BA8 辅色，清风、青山、无我之相，必有山水/清风。风格：儿童友好的 2.5D 卡通渲染，柔和渐变背景，居中全身像，正面 3/4 视角，无文字。画布：800×1000 竖版，角色主体占 60% 居中偏下。"
"doudou","逗逗","egg","灵胎初醒","逗逗 的 灵胎初醒 阶段。外形：雨花剑意。系列：虹猫蓝兔七侠传。阶段基调：灵胎初醒，#4A3A2A 主色、#C4A672 辅色，渺小、独行、破败背景，必有孤灯/破庙。风格：儿童友好的 2.5D 卡通渲染，柔和渐变背景，居中全身像，正面 3/4 视角，无文字。画布：800×1000 竖版，角色主体占 60% 居中偏下。"
"doudou","逗逗","baby","凡尘砺心","逗逗 的 凡尘砺心 阶段。外形：白绒小狗。系列：虹猫蓝兔七侠传。阶段基调：凡尘砺心，#5B6B7A 主色、#8A9BA8 辅色，行路、风雨、远山，必有雨/风。风格：儿童友好的 2.5D 卡通渲染，柔和渐变背景，居中全身像，正面 3/4 视角，无文字。画布：800×1000 竖版，角色主体占 60% 居中偏下。"
"doudou","逗逗","growing","道法初成","逗逗 的 道法初成 阶段。外形：雨花剑出。系列：虹猫蓝兔七侠传。阶段基调：道法初成，#C44B2A 主色、#E8B84B 辅色，光芒初绽、首胜、昂首，必有光芒/法器。风格：儿童友好的 2.5D 卡通渲染，柔和渐变背景，居中全身像，正面 3/4 视角，无文字。画布：800×1000 竖版，角色主体占 60% 居中偏下。"
"doudou","逗逗","mature","大劫淬炼","逗逗 的 大劫淬炼 阶段。外形：悬壶剑医。系列：虹猫蓝兔七侠传。阶段基调：大劫淬炼，#1A0A0A 主色、#8B1A1A 辅色，碎裂、坠落、血与火，必有火焰/裂痕。风格：儿童友好的 2.5D 卡通渲染，柔和渐变背景，居中全身像，正面 3/4 视角，无文字。画布：800×1000 竖版，角色主体占 60% 居中偏下。"
"doudou","逗逗","legendary","封神登天","逗逗 的 封神登天 阶段。外形：雨花医圣。系列：虹猫蓝兔七侠传。阶段基调：封神登天，#5B2A8A 主色、#F5D742 辅色，冠冕、宝座、万众仰视，必有冠冕/神位。风格：儿童友好的 2.5D 卡通渲染，柔和渐变背景，居中全身像，正面 3/4 视角，无文字。画布：800×1000 竖版，角色主体占 60% 居中偏下。"
"doudou","逗逗","transcendent","归真永恒","逗逗 的 归真永恒 阶段。外形：剑之尊者。系列：虹猫蓝兔七侠传。阶段基调：归真永恒，#F5F0E8 主色、#8A9BA8 辅色，清风、青山、无我之相，必有山水/清风。风格：儿童友好的 2.5D 卡通渲染，柔和渐变背景，居中全身像，正面 3/4 视角，无文字。画布：800×1000 竖版，角色主体占 60% 居中偏下。"
"dabeng","大奔","egg","灵胎初醒","大奔 的 灵胎初醒 阶段。外形：奔雷剑意。系列：虹猫蓝兔七侠传。阶段基调：灵胎初醒，#4A3A2A 主色、#C4A672 辅色，渺小、独行、破败背景，必有孤灯/破庙。风格：儿童友好的 2.5D 卡通渲染，柔和渐变背景，居中全身像，正面 3/4 视角，无文字。画布：800×1000 竖版，角色主体占 60% 居中偏下。"
"dabeng","大奔","baby","凡尘砺心","大奔 的 凡尘砺心 阶段。外形：棕色小熊。系列：虹猫蓝兔七侠传。阶段基调：凡尘砺心，#5B6B7A 主色、#8A9BA8 辅色，行路、风雨、远山，必有雨/风。风格：儿童友好的 2.5D 卡通渲染，柔和渐变背景，居中全身像，正面 3/4 视角，无文字。画布：800×1000 竖版，角色主体占 60% 居中偏下。"
"dabeng","大奔","growing","道法初成","大奔 的 道法初成 阶段。外形：奔雷剑出。系列：虹猫蓝兔七侠传。阶段基调：道法初成，#C44B2A 主色、#E8B84B 辅色，光芒初绽、首胜、昂首，必有光芒/法器。风格：儿童友好的 2.5D 卡通渲染，柔和渐变背景，居中全身像，正面 3/4 视角，无文字。画布：800×1000 竖版，角色主体占 60% 居中偏下。"
"dabeng","大奔","mature","大劫淬炼","大奔 的 大劫淬炼 阶段。外形：力拔山兮。系列：虹猫蓝兔七侠传。阶段基调：大劫淬炼，#1A0A0A 主色、#8B1A1A 辅色，碎裂、坠落、血与火，必有火焰/裂痕。风格：儿童友好的 2.5D 卡通渲染，柔和渐变背景，居中全身像，正面 3/4 视角，无文字。画布：800×1000 竖版，角色主体占 60% 居中偏下。"
"dabeng","大奔","legendary","封神登天","大奔 的 封神登天 阶段。外形：奔雷剑圣。系列：虹猫蓝兔七侠传。阶段基调：封神登天，#5B2A8A 主色、#F5D742 辅色，冠冕、宝座、万众仰视，必有冠冕/神位。风格：儿童友好的 2.5D 卡通渲染，柔和渐变背景，居中全身像，正面 3/4 视角，无文字。画布：800×1000 竖版，角色主体占 60% 居中偏下。"
"dabeng","大奔","transcendent","归真永恒","大奔 的 归真永恒 阶段。外形：剑之尊者。系列：虹猫蓝兔七侠传。阶段基调：归真永恒，#F5F0E8 主色、#8A9BA8 辅色，清风、青山、无我之相，必有山水/清风。风格：儿童友好的 2.5D 卡通渲染，柔和渐变背景，居中全身像，正面 3/4 视角，无文字。画布：800×1000 竖版，角色主体占 60% 居中偏下。"
"tiaotiao","跳跳","egg","灵胎初醒","跳跳 的 灵胎初醒 阶段。外形：青光剑意。系列：虹猫蓝兔七侠传。阶段基调：灵胎初醒，#4A3A2A 主色、#C4A672 辅色，渺小、独行、破败背景，必有孤灯/破庙。风格：儿童友好的 2.5D 卡通渲染，柔和渐变背景，居中全身像，正面 3/4 视角，无文字。画布：800×1000 竖版，角色主体占 60% 居中偏下。"
"tiaotiao","跳跳","baby","凡尘砺心","跳跳 的 凡尘砺心 阶段。外形：绿衣小猴。系列：虹猫蓝兔七侠传。阶段基调：凡尘砺心，#5B6B7A 主色、#8A9BA8 辅色，行路、风雨、远山，必有雨/风。风格：儿童友好的 2.5D 卡通渲染，柔和渐变背景，居中全身像，正面 3/4 视角，无文字。画布：800×1000 竖版，角色主体占 60% 居中偏下。"
"tiaotiao","跳跳","growing","道法初成","跳跳 的 道法初成 阶段。外形：青光剑出。系列：虹猫蓝兔七侠传。阶段基调：道法初成，#C44B2A 主色、#E8B84B 辅色，光芒初绽、首胜、昂首，必有光芒/法器。风格：儿童友好的 2.5D 卡通渲染，柔和渐变背景，居中全身像，正面 3/4 视角，无文字。画布：800×1000 竖版，角色主体占 60% 居中偏下。"
"tiaotiao","跳跳","mature","大劫淬炼","跳跳 的 大劫淬炼 阶段。外形：风驰剑动。系列：虹猫蓝兔七侠传。阶段基调：大劫淬炼，#1A0A0A 主色、#8B1A1A 辅色，碎裂、坠落、血与火，必有火焰/裂痕。风格：儿童友好的 2.5D 卡通渲染，柔和渐变背景，居中全身像，正面 3/4 视角，无文字。画布：800×1000 竖版，角色主体占 60% 居中偏下。"
"tiaotiao","跳跳","legendary","封神登天","跳跳 的 封神登天 阶段。外形：灵猴剑圣。系列：虹猫蓝兔七侠传。阶段基调：封神登天，#5B2A8A 主色、#F5D742 辅色，冠冕、宝座、万众仰视，必有冠冕/神位。风格：儿童友好的 2.5D 卡通渲染，柔和渐变背景，居中全身像，正面 3/4 视角，无文字。画布：800×1000 竖版，角色主体占 60% 居中偏下。"
"tiaotiao","跳跳","transcendent","归真永恒","跳跳 的 归真永恒 阶段。外形：剑之尊者。系列：虹猫蓝兔七侠传。阶段基调：归真永恒，#F5F0E8 主色、#8A9BA8 辅色，清风、青山、无我之相，必有山水/清风。风格：儿童友好的 2.5D 卡通渲染，柔和渐变背景，居中全身像，正面 3/4 视角，无文字。画布：800×1000 竖版，角色主体占 60% 居中偏下。"
"shali","莎丽","egg","灵胎初醒","莎丽 的 灵胎初醒 阶段。外形：紫云剑意。系列：虹猫蓝兔七侠传。阶段基调：灵胎初醒，#4A3A2A 主色、#C4A672 辅色，渺小、独行、破败背景，必有孤灯/破庙。风格：儿童友好的 2.5D 卡通渲染，柔和渐变背景，居中全身像，正面 3/4 视角，无文字。画布：800×1000 竖版，角色主体占 60% 居中偏下。"
"shali","莎丽","baby","凡尘砺心","莎丽 的 凡尘砺心 阶段。外形：紫衣少年。系列：虹猫蓝兔七侠传。阶段基调：凡尘砺心，#5B6B7A 主色、#8A9BA8 辅色，行路、风雨、远山，必有雨/风。风格：儿童友好的 2.5D 卡通渲染，柔和渐变背景，居中全身像，正面 3/4 视角，无文字。画布：800×1000 竖版，角色主体占 60% 居中偏下。"
"shali","莎丽","growing","道法初成","莎丽 的 道法初成 阶段。外形：紫云剑出。系列：虹猫蓝兔七侠传。阶段基调：道法初成，#C44B2A 主色、#E8B84B 辅色，光芒初绽、首胜、昂首，必有光芒/法器。风格：儿童友好的 2.5D 卡通渲染，柔和渐变背景，居中全身像，正面 3/4 视角，无文字。画布：800×1000 竖版，角色主体占 60% 居中偏下。"
"shali","莎丽","mature","大劫淬炼","莎丽 的 大劫淬炼 阶段。外形：云剑逍遥。系列：虹猫蓝兔七侠传。阶段基调：大劫淬炼，#1A0A0A 主色、#8B1A1A 辅色，碎裂、坠落、血与火，必有火焰/裂痕。风格：儿童友好的 2.5D 卡通渲染，柔和渐变背景，居中全身像，正面 3/4 视角，无文字。画布：800×1000 竖版，角色主体占 60% 居中偏下。"
"shali","莎丽","legendary","封神登天","莎丽 的 封神登天 阶段。外形：紫霞剑圣。系列：虹猫蓝兔七侠传。阶段基调：封神登天，#5B2A8A 主色、#F5D742 辅色，冠冕、宝座、万众仰视，必有冠冕/神位。风格：儿童友好的 2.5D 卡通渲染，柔和渐变背景，居中全身像，正面 3/4 视角，无文字。画布：800×1000 竖版，角色主体占 60% 居中偏下。"
"shali","莎丽","transcendent","归真永恒","莎丽 的 归真永恒 阶段。外形：剑之尊者。系列：虹猫蓝兔七侠传。阶段基调：归真永恒，#F5F0E8 主色、#8A9BA8 辅色，清风、青山、无我之相，必有山水/清风。风格：儿童友好的 2.5D 卡通渲染，柔和渐变背景，居中全身像，正面 3/4 视角，无文字。画布：800×1000 竖版，角色主体占 60% 居中偏下。"
"dada","达达","egg","灵胎初醒","达达 的 灵胎初醒 阶段。外形：旋风剑意。系列：虹猫蓝兔七侠传。阶段基调：灵胎初醒，#4A3A2A 主色、#C4A672 辅色，渺小、独行、破败背景，必有孤灯/破庙。风格：儿童友好的 2.5D 卡通渲染，柔和渐变背景，居中全身像，正面 3/4 视角，无文字。画布：800×1000 竖版，角色主体占 60% 居中偏下。"
"dada","达达","baby","凡尘砺心","达达 的 凡尘砺心 阶段。外形：竹林熊猫。系列：虹猫蓝兔七侠传。阶段基调：凡尘砺心，#5B6B7A 主色、#8A9BA8 辅色，行路、风雨、远山，必有雨/风。风格：儿童友好的 2.5D 卡通渲染，柔和渐变背景，居中全身像，正面 3/4 视角，无文字。画布：800×1000 竖版，角色主体占 60% 居中偏下。"
"dada","达达","growing","道法初成","达达 的 道法初成 阶段。外形：旋风剑出。系列：虹猫蓝兔七侠传。阶段基调：道法初成，#C44B2A 主色、#E8B84B 辅色，光芒初绽、首胜、昂首，必有光芒/法器。风格：儿童友好的 2.5D 卡通渲染，柔和渐变背景，居中全身像，正面 3/4 视角，无文字。画布：800×1000 竖版，角色主体占 60% 居中偏下。"
"dada","达达","mature","大劫淬炼","达达 的 大劫淬炼 阶段。外形：竹林剑舞。系列：虹猫蓝兔七侠传。阶段基调：大劫淬炼，#1A0A0A 主色、#8B1A1A 辅色，碎裂、坠落、血与火，必有火焰/裂痕。风格：儿童友好的 2.5D 卡通渲染，柔和渐变背景，居中全身像，正面 3/4 视角，无文字。画布：800×1000 竖版，角色主体占 60% 居中偏下。"
"dada","达达","legendary","封神登天","达达 的 封神登天 阶段。外形：熊猫剑圣。系列：虹猫蓝兔七侠传。阶段基调：封神登天，#5B2A8A 主色、#F5D742 辅色，冠冕、宝座、万众仰视，必有冠冕/神位。风格：儿童友好的 2.5D 卡通渲染，柔和渐变背景，居中全身像，正面 3/4 视角，无文字。画布：800×1000 竖版，角色主体占 60% 居中偏下。"
"dada","达达","transcendent","归真永恒","达达 的 归真永恒 阶段。外形：剑之尊者。系列：虹猫蓝兔七侠传。阶段基调：归真永恒，#F5F0E8 主色、#8A9BA8 辅色，清风、青山、无我之相，必有山水/清风。风格：儿童友好的 2.5D 卡通渲染，柔和渐变背景，居中全身像，正面 3/4 视角，无文字。画布：800×1000 竖版，角色主体占 60% 居中偏下。"
"heixinhu","黑心虎","egg","灵胎初醒","黑心虎 的 灵胎初醒 阶段。外形：暗影虎意。系列：虹猫蓝兔七侠传。阶段基调：灵胎初醒，#4A3A2A 主色、#C4A672 辅色，渺小、独行、破败背景，必有孤灯/破庙。风格：儿童友好的 2.5D 卡通渲染，柔和渐变背景，居中全身像，正面 3/4 视角，无文字。画布：800×1000 竖版，角色主体占 60% 居中偏下。"
"heixinhu","黑心虎","baby","凡尘砺心","黑心虎 的 凡尘砺心 阶段。外形：小老虎。系列：虹猫蓝兔七侠传。阶段基调：凡尘砺心，#5B6B7A 主色、#8A9BA8 辅色，行路、风雨、远山，必有雨/风。风格：儿童友好的 2.5D 卡通渲染，柔和渐变背景，居中全身像，正面 3/4 视角，无文字。画布：800×1000 竖版，角色主体占 60% 居中偏下。"
"heixinhu","黑心虎","growing","道法初成","黑心虎 的 道法初成 阶段。外形：暗影虎。系列：虹猫蓝兔七侠传。阶段基调：道法初成，#C44B2A 主色、#E8B84B 辅色，光芒初绽、首胜、昂首，必有光芒/法器。风格：儿童友好的 2.5D 卡通渲染，柔和渐变背景，居中全身像，正面 3/4 视角，无文字。画布：800×1000 竖版，角色主体占 60% 居中偏下。"
"heixinhu","黑心虎","mature","大劫淬炼","黑心虎 的 大劫淬炼 阶段。外形：幽影虎王。系列：虹猫蓝兔七侠传。阶段基调：大劫淬炼，#1A0A0A 主色、#8B1A1A 辅色，碎裂、坠落、血与火，必有火焰/裂痕。风格：儿童友好的 2.5D 卡通渲染，柔和渐变背景，居中全身像，正面 3/4 视角，无文字。画布：800×1000 竖版，角色主体占 60% 居中偏下。"
"heixinhu","黑心虎","legendary","封神登天","黑心虎 的 封神登天 阶段。外形：霸业之虎。系列：虹猫蓝兔七侠传。阶段基调：封神登天，#5B2A8A 主色、#F5D742 辅色，冠冕、宝座、万众仰视，必有冠冕/神位。风格：儿童友好的 2.5D 卡通渲染，柔和渐变背景，居中全身像，正面 3/4 视角，无文字。画布：800×1000 竖版，角色主体占 60% 居中偏下。"
"heixinhu","黑心虎","transcendent","归真永恒","黑心虎 的 归真永恒 阶段。外形：暗黑尊者。系列：虹猫蓝兔七侠传。阶段基调：归真永恒，#F5F0E8 主色、#8A9BA8 辅色，清风、青山、无我之相，必有山水/清风。风格：儿童友好的 2.5D 卡通渲染，柔和渐变背景，居中全身像，正面 3/4 视角，无文字。画布：800×1000 竖版，角色主体占 60% 居中偏下。"
"heixiaohu","黑小虎","egg","灵胎初醒","黑小虎 的 灵胎初醒 阶段。外形：暗影虎卵。系列：虹猫蓝兔七侠传。阶段基调：灵胎初醒，#4A3A2A 主色、#C4A672 辅色，渺小、独行、破败背景，必有孤灯/破庙。风格：儿童友好的 2.5D 卡通渲染，柔和渐变背景，居中全身像，正面 3/4 视角，无文字。画布：800×1000 竖版，角色主体占 60% 居中偏下。"
"heixiaohu","黑小虎","baby","凡尘砺心","黑小虎 的 凡尘砺心 阶段。外形：黑毛小虎。系列：虹猫蓝兔七侠传。阶段基调：凡尘砺心，#5B6B7A 主色、#8A9BA8 辅色，行路、风雨、远山，必有雨/风。风格：儿童友好的 2.5D 卡通渲染，柔和渐变背景，居中全身像，正面 3/4 视角，无文字。画布：800×1000 竖版，角色主体占 60% 居中偏下。"
"heixiaohu","黑小虎","growing","道法初成","黑小虎 的 道法初成 阶段。外形：黑风小虎。系列：虹猫蓝兔七侠传。阶段基调：道法初成，#C44B2A 主色、#E8B84B 辅色，光芒初绽、首胜、昂首，必有光芒/法器。风格：儿童友好的 2.5D 卡通渲染，柔和渐变背景，居中全身像，正面 3/4 视角，无文字。画布：800×1000 竖版，角色主体占 60% 居中偏下。"
"heixiaohu","黑小虎","mature","大劫淬炼","黑小虎 的 大劫淬炼 阶段。外形：黑小虎·剑。系列：虹猫蓝兔七侠传。阶段基调：大劫淬炼，#1A0A0A 主色、#8B1A1A 辅色，碎裂、坠落、血与火，必有火焰/裂痕。风格：儿童友好的 2.5D 卡通渲染，柔和渐变背景，居中全身像，正面 3/4 视角，无文字。画布：800×1000 竖版，角色主体占 60% 居中偏下。"
"heixiaohu","黑小虎","legendary","封神登天","黑小虎 的 封神登天 阶段。外形：黑小虎·狂。系列：虹猫蓝兔七侠传。阶段基调：封神登天，#5B2A8A 主色、#F5D742 辅色，冠冕、宝座、万众仰视，必有冠冕/神位。风格：儿童友好的 2.5D 卡通渲染，柔和渐变背景，居中全身像，正面 3/4 视角，无文字。画布：800×1000 竖版，角色主体占 60% 居中偏下。"
"heixiaohu","黑小虎","transcendent","归真永恒","黑小虎 的 归真永恒 阶段。外形：幽暗少主。系列：虹猫蓝兔七侠传。阶段基调：归真永恒，#F5F0E8 主色、#8A9BA8 辅色，清风、青山、无我之相，必有山水/清风。风格：儿童友好的 2.5D 卡通渲染，柔和渐变背景，居中全身像，正面 3/4 视角，无文字。画布：800×1000 竖版，角色主体占 60% 居中偏下。"
"jiang_ziya","姜子牙","egg","灵胎初醒","姜子牙 的 灵胎初醒 阶段。外形：灵光种子。系列：东方神话。阶段基调：灵胎初醒，#4A3A2A 主色、#C4A672 辅色，渺小、独行、破败背景，必有孤灯/破庙。风格：儿童友好的 2.5D 卡通渲染，柔和渐变背景，居中全身像，正面 3/4 视角，无文字。画布：800×1000 竖版，角色主体占 60% 居中偏下。"
"jiang_ziya","姜子牙","baby","凡尘砺心","姜子牙 的 凡尘砺心 阶段。外形：垂钓渭水。系列：东方神话。阶段基调：凡尘砺心，#5B6B7A 主色、#8A9BA8 辅色，行路、风雨、远山，必有雨/风。风格：儿童友好的 2.5D 卡通渲染，柔和渐变背景，居中全身像，正面 3/4 视角，无文字。画布：800×1000 竖版，角色主体占 60% 居中偏下。"
"jiang_ziya","姜子牙","growing","道法初成","姜子牙 的 道法初成 阶段。外形：悟道下山。系列：东方神话。阶段基调：道法初成，#C44B2A 主色、#E8B84B 辅色，光芒初绽、首胜、昂首，必有光芒/法器。风格：儿童友好的 2.5D 卡通渲染，柔和渐变背景，居中全身像，正面 3/4 视角，无文字。画布：800×1000 竖版，角色主体占 60% 居中偏下。"
"jiang_ziya","姜子牙","mature","大劫淬炼","姜子牙 的 大劫淬炼 阶段。外形：杏黄旗展。系列：东方神话。阶段基调：大劫淬炼，#1A0A0A 主色、#8B1A1A 辅色，碎裂、坠落、血与火，必有火焰/裂痕。风格：儿童友好的 2.5D 卡通渲染，柔和渐变背景，居中全身像，正面 3/4 视角，无文字。画布：800×1000 竖版，角色主体占 60% 居中偏下。"
"jiang_ziya","姜子牙","legendary","封神登天","姜子牙 的 封神登天 阶段。外形：封神榜启。系列：东方神话。阶段基调：封神登天，#5B2A8A 主色、#F5D742 辅色，冠冕、宝座、万众仰视，必有冠冕/神位。风格：儿童友好的 2.5D 卡通渲染，柔和渐变背景，居中全身像，正面 3/4 视角，无文字。画布：800×1000 竖版，角色主体占 60% 居中偏下。"
"jiang_ziya","姜子牙","transcendent","归真永恒","姜子牙 的 归真永恒 阶段。外形：姜太公临。系列：东方神话。阶段基调：归真永恒，#F5F0E8 主色、#8A9BA8 辅色，清风、青山、无我之相，必有山水/清风。风格：儿童友好的 2.5D 卡通渲染，柔和渐变背景，居中全身像，正面 3/4 视角，无文字。画布：800×1000 竖版，角色主体占 60% 居中偏下。"
"nezha","哪吒","egg","灵胎初醒","哪吒 的 灵胎初醒 阶段。外形：灵珠种子。系列：东方神话。阶段基调：灵胎初醒，#4A3A2A 主色、#C4A672 辅色，渺小、独行、破败背景，必有孤灯/破庙。风格：儿童友好的 2.5D 卡通渲染，柔和渐变背景，居中全身像，正面 3/4 视角，无文字。画布：800×1000 竖版，角色主体占 60% 居中偏下。"
"nezha","哪吒","baby","凡尘砺心","哪吒 的 凡尘砺心 阶段。外形：陈塘哪吒。系列：东方神话。阶段基调：凡尘砺心，#5B6B7A 主色、#8A9BA8 辅色，行路、风雨、远山，必有雨/风。风格：儿童友好的 2.5D 卡通渲染，柔和渐变背景，居中全身像，正面 3/4 视角，无文字。画布：800×1000 竖版，角色主体占 60% 居中偏下。"
"nezha","哪吒","growing","道法初成","哪吒 的 道法初成 阶段。外形：闹海屠龙。系列：东方神话。阶段基调：道法初成，#C44B2A 主色、#E8B84B 辅色，光芒初绽、首胜、昂首，必有光芒/法器。风格：儿童友好的 2.5D 卡通渲染，柔和渐变背景，居中全身像，正面 3/4 视角，无文字。画布：800×1000 竖版，角色主体占 60% 居中偏下。"
"nezha","哪吒","mature","大劫淬炼","哪吒 的 大劫淬炼 阶段。外形：莲花化身。系列：东方神话。阶段基调：大劫淬炼，#1A0A0A 主色、#8B1A1A 辅色，碎裂、坠落、血与火，必有火焰/裂痕。风格：儿童友好的 2.5D 卡通渲染，柔和渐变背景，居中全身像，正面 3/4 视角，无文字。画布：800×1000 竖版，角色主体占 60% 居中偏下。"
"nezha","哪吒","legendary","封神登天","哪吒 的 封神登天 阶段。外形：三太子。系列：东方神话。阶段基调：封神登天，#5B2A8A 主色、#F5D742 辅色，冠冕、宝座、万众仰视，必有冠冕/神位。风格：儿童友好的 2.5D 卡通渲染，柔和渐变背景，居中全身像，正面 3/4 视角，无文字。画布：800×1000 竖版，角色主体占 60% 居中偏下。"
"nezha","哪吒","transcendent","归真永恒","哪吒 的 归真永恒 阶段。外形：肉身成圣。系列：东方神话。阶段基调：归真永恒，#F5F0E8 主色、#8A9BA8 辅色，清风、青山、无我之相，必有山水/清风。风格：儿童友好的 2.5D 卡通渲染，柔和渐变背景，居中全身像，正面 3/4 视角，无文字。画布：800×1000 竖版，角色主体占 60% 居中偏下。"
"yang_jian","杨戬","egg","灵胎初醒","杨戬 的 灵胎初醒 阶段。外形：天眼灵光。系列：东方神话。阶段基调：灵胎初醒，#4A3A2A 主色、#C4A672 辅色，渺小、独行、破败背景，必有孤灯/破庙。风格：儿童友好的 2.5D 卡通渲染，柔和渐变背景，居中全身像，正面 3/4 视角，无文字。画布：800×1000 竖版，角色主体占 60% 居中偏下。"
"yang_jian","杨戬","baby","凡尘砺心","杨戬 的 凡尘砺心 阶段。外形：幼年二郎。系列：东方神话。阶段基调：凡尘砺心，#5B6B7A 主色、#8A9BA8 辅色，行路、风雨、远山，必有雨/风。风格：儿童友好的 2.5D 卡通渲染，柔和渐变背景，居中全身像，正面 3/4 视角，无文字。画布：800×1000 竖版，角色主体占 60% 居中偏下。"
"yang_jian","杨戬","growing","道法初成","杨戬 的 道法初成 阶段。外形：八九玄功。系列：东方神话。阶段基调：道法初成，#C44B2A 主色、#E8B84B 辅色，光芒初绽、首胜、昂首，必有光芒/法器。风格：儿童友好的 2.5D 卡通渲染，柔和渐变背景，居中全身像，正面 3/4 视角，无文字。画布：800×1000 竖版，角色主体占 60% 居中偏下。"
"yang_jian","杨戬","mature","大劫淬炼","杨戬 的 大劫淬炼 阶段。外形：天眼洞开。系列：东方神话。阶段基调：大劫淬炼，#1A0A0A 主色、#8B1A1A 辅色，碎裂、坠落、血与火，必有火焰/裂痕。风格：儿童友好的 2.5D 卡通渲染，柔和渐变背景，居中全身像，正面 3/4 视角，无文字。画布：800×1000 竖版，角色主体占 60% 居中偏下。"
"yang_jian","杨戬","legendary","封神登天","杨戬 的 封神登天 阶段。外形：二郎真君。系列：东方神话。阶段基调：封神登天，#5B2A8A 主色、#F5D742 辅色，冠冕、宝座、万众仰视，必有冠冕/神位。风格：儿童友好的 2.5D 卡通渲染，柔和渐变背景，居中全身像，正面 3/4 视角，无文字。画布：800×1000 竖版，角色主体占 60% 居中偏下。"
"yang_jian","杨戬","transcendent","归真永恒","杨戬 的 归真永恒 阶段。外形：玄功大成。系列：东方神话。阶段基调：归真永恒，#F5F0E8 主色、#8A9BA8 辅色，清风、青山、无我之相，必有山水/清风。风格：儿童友好的 2.5D 卡通渲染，柔和渐变背景，居中全身像，正面 3/4 视角，无文字。画布：800×1000 竖版，角色主体占 60% 居中偏下。"
"lei_zhenzi","雷震子","egg","灵胎初醒","雷震子 的 灵胎初醒 阶段。外形：雷卵种子。系列：东方神话。阶段基调：灵胎初醒，#4A3A2A 主色、#C4A672 辅色，渺小、独行、破败背景，必有孤灯/破庙。风格：儿童友好的 2.5D 卡通渲染，柔和渐变背景，居中全身像，正面 3/4 视角，无文字。画布：800×1000 竖版，角色主体占 60% 居中偏下。"
"lei_zhenzi","雷震子","baby","凡尘砺心","雷震子 的 凡尘砺心 阶段。外形：幼年雷仔。系列：东方神话。阶段基调：凡尘砺心，#5B6B7A 主色、#8A9BA8 辅色，行路、风雨、远山，必有雨/风。风格：儿童友好的 2.5D 卡通渲染，柔和渐变背景，居中全身像，正面 3/4 视角，无文字。画布：800×1000 竖版，角色主体占 60% 居中偏下。"
"lei_zhenzi","雷震子","growing","道法初成","雷震子 的 道法初成 阶段。外形：食杏生翅。系列：东方神话。阶段基调：道法初成，#C44B2A 主色、#E8B84B 辅色，光芒初绽、首胜、昂首，必有光芒/法器。风格：儿童友好的 2.5D 卡通渲染，柔和渐变背景，居中全身像，正面 3/4 视角，无文字。画布：800×1000 竖版，角色主体占 60% 居中偏下。"
"lei_zhenzi","雷震子","mature","大劫淬炼","雷震子 的 大劫淬炼 阶段。外形：黄金棍。系列：东方神话。阶段基调：大劫淬炼，#1A0A0A 主色、#8B1A1A 辅色，碎裂、坠落、血与火，必有火焰/裂痕。风格：儿童友好的 2.5D 卡通渲染，柔和渐变背景，居中全身像，正面 3/4 视角，无文字。画布：800×1000 竖版，角色主体占 60% 居中偏下。"
"lei_zhenzi","雷震子","legendary","封神登天","雷震子 的 封神登天 阶段。外形：救父出关。系列：东方神话。阶段基调：封神登天，#5B2A8A 主色、#F5D742 辅色，冠冕、宝座、万众仰视，必有冠冕/神位。风格：儿童友好的 2.5D 卡通渲染，柔和渐变背景，居中全身像，正面 3/4 视角，无文字。画布：800×1000 竖版，角色主体占 60% 居中偏下。"
"lei_zhenzi","雷震子","transcendent","归真永恒","雷震子 的 归真永恒 阶段。外形：风雷显圣。系列：东方神话。阶段基调：归真永恒，#F5F0E8 主色、#8A9BA8 辅色，清风、青山、无我之相，必有山水/清风。风格：儿童友好的 2.5D 卡通渲染，柔和渐变背景，居中全身像，正面 3/4 视角，无文字。画布：800×1000 竖版，角色主体占 60% 居中偏下。"
"huang_tianhua","黄天化","egg","灵胎初醒","黄天化 的 灵胎初醒 阶段。外形：将门灵种。系列：东方神话。阶段基调：灵胎初醒，#4A3A2A 主色、#C4A672 辅色，渺小、独行、破败背景，必有孤灯/破庙。风格：儿童友好的 2.5D 卡通渲染，柔和渐变背景，居中全身像，正面 3/4 视角，无文字。画布：800×1000 竖版，角色主体占 60% 居中偏下。"
"huang_tianhua","黄天化","baby","凡尘砺心","黄天化 的 凡尘砺心 阶段。外形：幼年天化。系列：东方神话。阶段基调：凡尘砺心，#5B6B7A 主色、#8A9BA8 辅色，行路、风雨、远山，必有雨/风。风格：儿童友好的 2.5D 卡通渲染，柔和渐变背景，居中全身像，正面 3/4 视角，无文字。画布：800×1000 竖版，角色主体占 60% 居中偏下。"
"huang_tianhua","黄天化","growing","道法初成","黄天化 的 道法初成 阶段。外形：火龙标。系列：东方神话。阶段基调：道法初成，#C44B2A 主色、#E8B84B 辅色，光芒初绽、首胜、昂首，必有光芒/法器。风格：儿童友好的 2.5D 卡通渲染，柔和渐变背景，居中全身像，正面 3/4 视角，无文字。画布：800×1000 竖版，角色主体占 60% 居中偏下。"
"huang_tianhua","黄天化","mature","大劫淬炼","黄天化 的 大劫淬炼 阶段。外形：下山辅周。系列：东方神话。阶段基调：大劫淬炼，#1A0A0A 主色、#8B1A1A 辅色，碎裂、坠落、血与火，必有火焰/裂痕。风格：儿童友好的 2.5D 卡通渲染，柔和渐变背景，居中全身像，正面 3/4 视角，无文字。画布：800×1000 竖版，角色主体占 60% 居中偏下。"
"huang_tianhua","黄天化","legendary","封神登天","黄天化 的 封神登天 阶段。外形：将门虎子。系列：东方神话。阶段基调：封神登天，#5B2A8A 主色、#F5D742 辅色，冠冕、宝座、万众仰视，必有冠冕/神位。风格：儿童友好的 2.5D 卡通渲染，柔和渐变背景，居中全身像，正面 3/4 视角，无文字。画布：800×1000 竖版，角色主体占 60% 居中偏下。"
"huang_tianhua","黄天化","transcendent","归真永恒","黄天化 的 归真永恒 阶段。外形：莫邪封神。系列：东方神话。阶段基调：归真永恒，#F5F0E8 主色、#8A9BA8 辅色，清风、青山、无我之相，必有山水/清风。风格：儿童友好的 2.5D 卡通渲染，柔和渐变背景，居中全身像，正面 3/4 视角，无文字。画布：800×1000 竖版，角色主体占 60% 居中偏下。"
"tu_xingsun","土行孙","egg","灵胎初醒","土行孙 的 灵胎初醒 阶段。外形：地灵种子。系列：东方神话。阶段基调：灵胎初醒，#4A3A2A 主色、#C4A672 辅色，渺小、独行、破败背景，必有孤灯/破庙。风格：儿童友好的 2.5D 卡通渲染，柔和渐变背景，居中全身像，正面 3/4 视角，无文字。画布：800×1000 竖版，角色主体占 60% 居中偏下。"
"tu_xingsun","土行孙","baby","凡尘砺心","土行孙 的 凡尘砺心 阶段。外形：幼年土行。系列：东方神话。阶段基调：凡尘砺心，#5B6B7A 主色、#8A9BA8 辅色，行路、风雨、远山，必有雨/风。风格：儿童友好的 2.5D 卡通渲染，柔和渐变背景，居中全身像，正面 3/4 视角，无文字。画布：800×1000 竖版，角色主体占 60% 居中偏下。"
"tu_xingsun","土行孙","growing","道法初成","土行孙 的 道法初成 阶段。外形：土遁神通。系列：东方神话。阶段基调：道法初成，#C44B2A 主色、#E8B84B 辅色，光芒初绽、首胜、昂首，必有光芒/法器。风格：儿童友好的 2.5D 卡通渲染，柔和渐变背景，居中全身像，正面 3/4 视角，无文字。画布：800×1000 竖版，角色主体占 60% 居中偏下。"
"tu_xingsun","土行孙","mature","大劫淬炼","土行孙 的 大劫淬炼 阶段。外形：地行如飞。系列：东方神话。阶段基调：大劫淬炼，#1A0A0A 主色、#8B1A1A 辅色，碎裂、坠落、血与火，必有火焰/裂痕。风格：儿童友好的 2.5D 卡通渲染，柔和渐变背景，居中全身像，正面 3/4 视角，无文字。画布：800×1000 竖版，角色主体占 60% 居中偏下。"
"tu_xingsun","土行孙","legendary","封神登天","土行孙 的 封神登天 阶段。外形：入地为营。系列：东方神话。阶段基调：封神登天，#5B2A8A 主色、#F5D742 辅色，冠冕、宝座、万众仰视，必有冠冕/神位。风格：儿童友好的 2.5D 卡通渲染，柔和渐变背景，居中全身像，正面 3/4 视角，无文字。画布：800×1000 竖版，角色主体占 60% 居中偏下。"
"tu_xingsun","土行孙","transcendent","归真永恒","土行孙 的 归真永恒 阶段。外形：地行仙归。系列：东方神话。阶段基调：归真永恒，#F5F0E8 主色、#8A9BA8 辅色，清风、青山、无我之相，必有山水/清风。风格：儿童友好的 2.5D 卡通渲染，柔和渐变背景，居中全身像，正面 3/4 视角，无文字。画布：800×1000 竖版，角色主体占 60% 居中偏下。"
"yang_ren","杨任","egg","灵胎初醒","杨任 的 灵胎初醒 阶段。外形：忠臣灵光。系列：东方神话。阶段基调：灵胎初醒，#4A3A2A 主色、#C4A672 辅色，渺小、独行、破败背景，必有孤灯/破庙。风格：儿童友好的 2.5D 卡通渲染，柔和渐变背景，居中全身像，正面 3/4 视角，无文字。画布：800×1000 竖版，角色主体占 60% 居中偏下。"
"yang_ren","杨任","baby","凡尘砺心","杨任 的 凡尘砺心 阶段。外形：幼年杨任。系列：东方神话。阶段基调：凡尘砺心，#5B6B7A 主色、#8A9BA8 辅色，行路、风雨、远山，必有雨/风。风格：儿童友好的 2.5D 卡通渲染，柔和渐变背景，居中全身像，正面 3/4 视角，无文字。画布：800×1000 竖版，角色主体占 60% 居中偏下。"
"yang_ren","杨任","growing","道法初成","杨任 的 道法初成 阶段。外形：被挖双目。系列：东方神话。阶段基调：道法初成，#C44B2A 主色、#E8B84B 辅色，光芒初绽、首胜、昂首，必有光芒/法器。风格：儿童友好的 2.5D 卡通渲染，柔和渐变背景，居中全身像，正面 3/4 视角，无文字。画布：800×1000 竖版，角色主体占 60% 居中偏下。"
"yang_ren","杨任","mature","大劫淬炼","杨任 的 大劫淬炼 阶段。外形：眼中生手。系列：东方神话。阶段基调：大劫淬炼，#1A0A0A 主色、#8B1A1A 辅色，碎裂、坠落、血与火，必有火焰/裂痕。风格：儿童友好的 2.5D 卡通渲染，柔和渐变背景，居中全身像，正面 3/4 视角，无文字。画布：800×1000 竖版，角色主体占 60% 居中偏下。"
"yang_ren","杨任","legendary","封神登天","杨任 的 封神登天 阶段。外形：飞电枪出。系列：东方神话。阶段基调：封神登天，#5B2A8A 主色、#F5D742 辅色，冠冕、宝座、万众仰视，必有冠冕/神位。风格：儿童友好的 2.5D 卡通渲染，柔和渐变背景，居中全身像，正面 3/4 视角，无文字。画布：800×1000 竖版，角色主体占 60% 居中偏下。"
"yang_ren","杨任","transcendent","归真永恒","杨任 的 归真永恒 阶段。外形：道德真君。系列：东方神话。阶段基调：归真永恒，#F5F0E8 主色、#8A9BA8 辅色，清风、青山、无我之相，必有山水/清风。风格：儿童友好的 2.5D 卡通渲染，柔和渐变背景，居中全身像，正面 3/4 视角，无文字。画布：800×1000 竖版，角色主体占 60% 居中偏下。"
"wei_hu","韦护","egg","灵胎初醒","韦护 的 灵胎初醒 阶段。外形：金刚灵种。系列：东方神话。阶段基调：灵胎初醒，#4A3A2A 主色、#C4A672 辅色，渺小、独行、破败背景，必有孤灯/破庙。风格：儿童友好的 2.5D 卡通渲染，柔和渐变背景，居中全身像，正面 3/4 视角，无文字。画布：800×1000 竖版，角色主体占 60% 居中偏下。"
"wei_hu","韦护","baby","凡尘砺心","韦护 的 凡尘砺心 阶段。外形：幼年韦护。系列：东方神话。阶段基调：凡尘砺心，#5B6B7A 主色、#8A9BA8 辅色，行路、风雨、远山，必有雨/风。风格：儿童友好的 2.5D 卡通渲染，柔和渐变背景，居中全身像，正面 3/4 视角，无文字。画布：800×1000 竖版，角色主体占 60% 居中偏下。"
"wei_hu","韦护","growing","道法初成","韦护 的 道法初成 阶段。外形：降魔杵。系列：东方神话。阶段基调：道法初成，#C44B2A 主色、#E8B84B 辅色，光芒初绽、首胜、昂首，必有光芒/法器。风格：儿童友好的 2.5D 卡通渲染，柔和渐变背景，居中全身像，正面 3/4 视角，无文字。画布：800×1000 竖版，角色主体占 60% 居中偏下。"
"wei_hu","韦护","mature","大劫淬炼","韦护 的 大劫淬炼 阶段。外形：金刚怒目。系列：东方神话。阶段基调：大劫淬炼，#1A0A0A 主色、#8B1A1A 辅色，碎裂、坠落、血与火，必有火焰/裂痕。风格：儿童友好的 2.5D 卡通渲染，柔和渐变背景，居中全身像，正面 3/4 视角，无文字。画布：800×1000 竖版，角色主体占 60% 居中偏下。"
"wei_hu","韦护","legendary","封神登天","韦护 的 封神登天 阶段。外形：护法大神。系列：东方神话。阶段基调：封神登天，#5B2A8A 主色、#F5D742 辅色，冠冕、宝座、万众仰视，必有冠冕/神位。风格：儿童友好的 2.5D 卡通渲染，柔和渐变背景，居中全身像，正面 3/4 视角，无文字。画布：800×1000 竖版，角色主体占 60% 居中偏下。"
"wei_hu","韦护","transcendent","归真永恒","韦护 的 归真永恒 阶段。外形：韦护尊者。系列：东方神话。阶段基调：归真永恒，#F5F0E8 主色、#8A9BA8 辅色，清风、青山、无我之相，必有山水/清风。风格：儿童友好的 2.5D 卡通渲染，柔和渐变背景，居中全身像，正面 3/4 视角，无文字。画布：800×1000 竖版，角色主体占 60% 居中偏下。"
"daji","妲己","egg","灵胎初醒","妲己 的 灵胎初醒 阶段。外形：妖狐之卵。系列：东方神话。阶段基调：灵胎初醒，#4A3A2A 主色、#C4A672 辅色，渺小、独行、破败背景，必有孤灯/破庙。风格：儿童友好的 2.5D 卡通渲染，柔和渐变背景，居中全身像，正面 3/4 视角，无文字。画布：800×1000 竖版，角色主体占 60% 居中偏下。"
"daji","妲己","baby","凡尘砺心","妲己 的 凡尘砺心 阶段。外形：幼年妖狐。系列：东方神话。阶段基调：凡尘砺心，#5B6B7A 主色、#8A9BA8 辅色，行路、风雨、远山，必有雨/风。风格：儿童友好的 2.5D 卡通渲染，柔和渐变背景，居中全身像，正面 3/4 视角，无文字。画布：800×1000 竖版，角色主体占 60% 居中偏下。"
"daji","妲己","growing","道法初成","妲己 的 道法初成 阶段。外形：入宫惑主。系列：东方神话。阶段基调：道法初成，#C44B2A 主色、#E8B84B 辅色，光芒初绽、首胜、昂首，必有光芒/法器。风格：儿童友好的 2.5D 卡通渲染，柔和渐变背景，居中全身像，正面 3/4 视角，无文字。画布：800×1000 竖版，角色主体占 60% 居中偏下。"
"daji","妲己","mature","大劫淬炼","妲己 的 大劫淬炼 阶段。外形：炮烙忠臣。系列：东方神话。阶段基调：大劫淬炼，#1A0A0A 主色、#8B1A1A 辅色，碎裂、坠落、血与火，必有火焰/裂痕。风格：儿童友好的 2.5D 卡通渲染，柔和渐变背景，居中全身像，正面 3/4 视角，无文字。画布：800×1000 竖版，角色主体占 60% 居中偏下。"
"daji","妲己","legendary","封神登天","妲己 的 封神登天 阶段。外形：九尾祸世。系列：东方神话。阶段基调：封神登天，#5B2A8A 主色、#F5D742 辅色，冠冕、宝座、万众仰视，必有冠冕/神位。风格：儿童友好的 2.5D 卡通渲染，柔和渐变背景，居中全身像，正面 3/4 视角，无文字。画布：800×1000 竖版，角色主体占 60% 居中偏下。"
"daji","妲己","transcendent","归真永恒","妲己 的 归真永恒 阶段。外形：妖狐末路。系列：东方神话。阶段基调：归真永恒，#F5F0E8 主色、#8A9BA8 辅色，清风、青山、无我之相，必有山水/清风。风格：儿童友好的 2.5D 卡通渲染，柔和渐变背景，居中全身像，正面 3/4 视角，无文字。画布：800×1000 竖版，角色主体占 60% 居中偏下。"
"shen_gongbao","申公豹","egg","灵胎初醒","申公豹 的 灵胎初醒 阶段。外形：邪道灵光。系列：东方神话。阶段基调：灵胎初醒，#4A3A2A 主色、#C4A672 辅色，渺小、独行、破败背景，必有孤灯/破庙。风格：儿童友好的 2.5D 卡通渲染，柔和渐变背景，居中全身像，正面 3/4 视角，无文字。画布：800×1000 竖版，角色主体占 60% 居中偏下。"
"shen_gongbao","申公豹","baby","凡尘砺心","申公豹 的 凡尘砺心 阶段。外形：阐教入门。系列：东方神话。阶段基调：凡尘砺心，#5B6B7A 主色、#8A9BA8 辅色，行路、风雨、远山，必有雨/风。风格：儿童友好的 2.5D 卡通渲染，柔和渐变背景，居中全身像，正面 3/4 视角，无文字。画布：800×1000 竖版，角色主体占 60% 居中偏下。"
"shen_gongbao","申公豹","growing","道法初成","申公豹 的 道法初成 阶段。外形：叛教下山。系列：东方神话。阶段基调：道法初成，#C44B2A 主色、#E8B84B 辅色，光芒初绽、首胜、昂首，必有光芒/法器。风格：儿童友好的 2.5D 卡通渲染，柔和渐变背景，居中全身像，正面 3/4 视角，无文字。画布：800×1000 竖版，角色主体占 60% 居中偏下。"
"shen_gongbao","申公豹","mature","大劫淬炼","申公豹 的 大劫淬炼 阶段。外形：请道友下山。系列：东方神话。阶段基调：大劫淬炼，#1A0A0A 主色、#8B1A1A 辅色，碎裂、坠落、血与火，必有火焰/裂痕。风格：儿童友好的 2.5D 卡通渲染，柔和渐变背景，居中全身像，正面 3/4 视角，无文字。画布：800×1000 竖版，角色主体占 60% 居中偏下。"
"shen_gongbao","申公豹","legendary","封神登天","申公豹 的 封神登天 阶段。外形：五岳三山。系列：东方神话。阶段基调：封神登天，#5B2A8A 主色、#F5D742 辅色，冠冕、宝座、万众仰视，必有冠冕/神位。风格：儿童友好的 2.5D 卡通渲染，柔和渐变背景，居中全身像，正面 3/4 视角，无文字。画布：800×1000 竖版，角色主体占 60% 居中偏下。"
"shen_gongbao","申公豹","transcendent","归真永恒","申公豹 的 归真永恒 阶段。外形：封神台末。系列：东方神话。阶段基调：归真永恒，#F5F0E8 主色、#8A9BA8 辅色，清风、青山、无我之相，必有山水/清风。风格：儿童友好的 2.5D 卡通渲染，柔和渐变背景，居中全身像，正面 3/4 视角，无文字。画布：800×1000 竖版，角色主体占 60% 居中偏下。"
"sun_wukong","孙悟空","egg","灵胎初醒","孙悟空 的 灵胎初醒 阶段。外形：灵根育孕。系列：东方神话。阶段基调：灵胎初醒，#4A3A2A 主色、#C4A672 辅色，渺小、独行、破败背景，必有孤灯/破庙。风格：儿童友好的 2.5D 卡通渲染，柔和渐变背景，居中全身像，正面 3/4 视角，无文字。画布：800×1000 竖版，角色主体占 60% 居中偏下。"
"sun_wukong","孙悟空","baby","凡尘砺心","孙悟空 的 凡尘砺心 阶段。外形：花果山王。系列：东方神话。阶段基调：凡尘砺心，#5B6B7A 主色、#8A9BA8 辅色，行路、风雨、远山，必有雨/风。风格：儿童友好的 2.5D 卡通渲染，柔和渐变背景，居中全身像，正面 3/4 视角，无文字。画布：800×1000 竖版，角色主体占 60% 居中偏下。"
"sun_wukong","孙悟空","growing","道法初成","孙悟空 的 道法初成 阶段。外形：筋斗云。系列：东方神话。阶段基调：道法初成，#C44B2A 主色、#E8B84B 辅色，光芒初绽、首胜、昂首，必有光芒/法器。风格：儿童友好的 2.5D 卡通渲染，柔和渐变背景，居中全身像，正面 3/4 视角，无文字。画布：800×1000 竖版，角色主体占 60% 居中偏下。"
"sun_wukong","孙悟空","mature","大劫淬炼","孙悟空 的 大劫淬炼 阶段。外形：大闹天宫。系列：东方神话。阶段基调：大劫淬炼，#1A0A0A 主色、#8B1A1A 辅色，碎裂、坠落、血与火，必有火焰/裂痕。风格：儿童友好的 2.5D 卡通渲染，柔和渐变背景，居中全身像，正面 3/4 视角，无文字。画布：800×1000 竖版，角色主体占 60% 居中偏下。"
"sun_wukong","孙悟空","legendary","封神登天","孙悟空 的 封神登天 阶段。外形：五百年劫。系列：东方神话。阶段基调：封神登天，#5B2A8A 主色、#F5D742 辅色，冠冕、宝座、万众仰视，必有冠冕/神位。风格：儿童友好的 2.5D 卡通渲染，柔和渐变背景，居中全身像，正面 3/4 视角，无文字。画布：800×1000 竖版，角色主体占 60% 居中偏下。"
"sun_wukong","孙悟空","transcendent","归真永恒","孙悟空 的 归真永恒 阶段。外形：斗战胜佛。系列：东方神话。阶段基调：归真永恒，#F5F0E8 主色、#8A9BA8 辅色，清风、青山、无我之相，必有山水/清风。风格：儿童友好的 2.5D 卡通渲染，柔和渐变背景，居中全身像，正面 3/4 视角，无文字。画布：800×1000 竖版，角色主体占 60% 居中偏下。"
"lv_dongbin","吕洞宾","egg","灵胎初醒","吕洞宾 的 灵胎初醒 阶段。外形：黄粱书生。系列：东方神话。阶段基调：灵胎初醒，#4A3A2A 主色、#C4A672 辅色，渺小、独行、破败背景，必有孤灯/破庙。风格：儿童友好的 2.5D 卡通渲染，柔和渐变背景，居中全身像，正面 3/4 视角，无文字。画布：800×1000 竖版，角色主体占 60% 居中偏下。"
"lv_dongbin","吕洞宾","baby","凡尘砺心","吕洞宾 的 凡尘砺心 阶段。外形：弃儒从道。系列：东方神话。阶段基调：凡尘砺心，#5B6B7A 主色、#8A9BA8 辅色，行路、风雨、远山，必有雨/风。风格：儿童友好的 2.5D 卡通渲染，柔和渐变背景，居中全身像，正面 3/4 视角，无文字。画布：800×1000 竖版，角色主体占 60% 居中偏下。"
"lv_dongbin","吕洞宾","growing","道法初成","吕洞宾 的 道法初成 阶段。外形：御剑飞行。系列：东方神话。阶段基调：道法初成，#C44B2A 主色、#E8B84B 辅色，光芒初绽、首胜、昂首，必有光芒/法器。风格：儿童友好的 2.5D 卡通渲染，柔和渐变背景，居中全身像，正面 3/4 视角，无文字。画布：800×1000 竖版，角色主体占 60% 居中偏下。"
"lv_dongbin","吕洞宾","mature","大劫淬炼","吕洞宾 的 大劫淬炼 阶段。外形：五雷天心。系列：东方神话。阶段基调：大劫淬炼，#1A0A0A 主色、#8B1A1A 辅色，碎裂、坠落、血与火，必有火焰/裂痕。风格：儿童友好的 2.5D 卡通渲染，柔和渐变背景，居中全身像，正面 3/4 视角，无文字。画布：800×1000 竖版，角色主体占 60% 居中偏下。"
"lv_dongbin","吕洞宾","legendary","封神登天","吕洞宾 的 封神登天 阶段。外形：点石成金。系列：东方神话。阶段基调：封神登天，#5B2A8A 主色、#F5D742 辅色，冠冕、宝座、万众仰视，必有冠冕/神位。风格：儿童友好的 2.5D 卡通渲染，柔和渐变背景，居中全身像，正面 3/4 视角，无文字。画布：800×1000 竖版，角色主体占 60% 居中偏下。"
"lv_dongbin","吕洞宾","transcendent","归真永恒","吕洞宾 的 归真永恒 阶段。外形：纯阳帝君。系列：东方神话。阶段基调：归真永恒，#F5F0E8 主色、#8A9BA8 辅色，清风、青山、无我之相，必有山水/清风。风格：儿童友好的 2.5D 卡通渲染，柔和渐变背景，居中全身像，正面 3/4 视角，无文字。画布：800×1000 竖版，角色主体占 60% 居中偏下。"
"he_xiangu","何仙姑","egg","灵胎初醒","何仙姑 的 灵胎初醒 阶段。外形：岭南采药女。系列：东方神话。阶段基调：灵胎初醒，#4A3A2A 主色、#C4A672 辅色，渺小、独行、破败背景，必有孤灯/破庙。风格：儿童友好的 2.5D 卡通渲染，柔和渐变背景，居中全身像，正面 3/4 视角，无文字。画布：800×1000 竖版，角色主体占 60% 居中偏下。"
"he_xiangu","何仙姑","baby","凡尘砺心","何仙姑 的 凡尘砺心 阶段。外形：仙桃轻身。系列：东方神话。阶段基调：凡尘砺心，#5B6B7A 主色、#8A9BA8 辅色，行路、风雨、远山，必有雨/风。风格：儿童友好的 2.5D 卡通渲染，柔和渐变背景，居中全身像，正面 3/4 视角，无文字。画布：800×1000 竖版，角色主体占 60% 居中偏下。"
"he_xiangu","何仙姑","growing","道法初成","何仙姑 的 道法初成 阶段。外形：八仙之女。系列：东方神话。阶段基调：道法初成，#C44B2A 主色、#E8B84B 辅色，光芒初绽、首胜、昂首，必有光芒/法器。风格：儿童友好的 2.5D 卡通渲染，柔和渐变背景，居中全身像，正面 3/4 视角，无文字。画布：800×1000 竖版，角色主体占 60% 居中偏下。"
"he_xiangu","何仙姑","mature","大劫淬炼","何仙姑 的 大劫淬炼 阶段。外形：百花阵。系列：东方神话。阶段基调：大劫淬炼，#1A0A0A 主色、#8B1A1A 辅色，碎裂、坠落、血与火，必有火焰/裂痕。风格：儿童友好的 2.5D 卡通渲染，柔和渐变背景，居中全身像，正面 3/4 视角，无文字。画布：800×1000 竖版，角色主体占 60% 居中偏下。"
"he_xiangu","何仙姑","legendary","封神登天","何仙姑 的 封神登天 阶段。外形：八仙过海。系列：东方神话。阶段基调：封神登天，#5B2A8A 主色、#F5D742 辅色，冠冕、宝座、万众仰视，必有冠冕/神位。风格：儿童友好的 2.5D 卡通渲染，柔和渐变背景，居中全身像，正面 3/4 视角，无文字。画布：800×1000 竖版，角色主体占 60% 居中偏下。"
"he_xiangu","何仙姑","transcendent","归真永恒","何仙姑 的 归真永恒 阶段。外形：瑶池仙姑。系列：东方神话。阶段基调：归真永恒，#F5F0E8 主色、#8A9BA8 辅色，清风、青山、无我之相，必有山水/清风。风格：儿童友好的 2.5D 卡通渲染，柔和渐变背景，居中全身像，正面 3/4 视角，无文字。画布：800×1000 竖版，角色主体占 60% 居中偏下。"
"zhang_guolao","张果老","egg","灵胎初醒","张果老 的 灵胎初醒 阶段。外形：恒山樵夫。系列：东方神话。阶段基调：灵胎初醒，#4A3A2A 主色、#C4A672 辅色，渺小、独行、破败背景，必有孤灯/破庙。风格：儿童友好的 2.5D 卡通渲染，柔和渐变背景，居中全身像，正面 3/4 视角，无文字。画布：800×1000 竖版，角色主体占 60% 居中偏下。"
"zhang_guolao","张果老","baby","凡尘砺心","张果老 的 凡尘砺心 阶段。外形：轻身之能。系列：东方神话。阶段基调：凡尘砺心，#5B6B7A 主色、#8A9BA8 辅色，行路、风雨、远山，必有雨/风。风格：儿童友好的 2.5D 卡通渲染，柔和渐变背景，居中全身像，正面 3/4 视角，无文字。画布：800×1000 竖版，角色主体占 60% 居中偏下。"
"zhang_guolao","张果老","growing","道法初成","张果老 的 道法初成 阶段。外形：鱼鼓神通。系列：东方神话。阶段基调：道法初成，#C44B2A 主色、#E8B84B 辅色，光芒初绽、首胜、昂首，必有光芒/法器。风格：儿童友好的 2.5D 卡通渲染，柔和渐变背景，居中全身像，正面 3/4 视角，无文字。画布：800×1000 竖版，角色主体占 60% 居中偏下。"
"zhang_guolao","张果老","mature","大劫淬炼","张果老 的 大劫淬炼 阶段。外形：呼风唤雨。系列：东方神话。阶段基调：大劫淬炼，#1A0A0A 主色、#8B1A1A 辅色，碎裂、坠落、血与火，必有火焰/裂痕。风格：儿童友好的 2.5D 卡通渲染，柔和渐变背景，居中全身像，正面 3/4 视角，无文字。画布：800×1000 竖版，角色主体占 60% 居中偏下。"
"zhang_guolao","张果老","legendary","封神登天","张果老 的 封神登天 阶段。外形：鱼鼓天音。系列：东方神话。阶段基调：封神登天，#5B2A8A 主色、#F5D742 辅色，冠冕、宝座、万众仰视，必有冠冕/神位。风格：儿童友好的 2.5D 卡通渲染，柔和渐变背景，居中全身像，正面 3/4 视角，无文字。画布：800×1000 竖版，角色主体占 60% 居中偏下。"
"zhang_guolao","张果老","transcendent","归真永恒","张果老 的 归真永恒 阶段。外形：中条洞主。系列：东方神话。阶段基调：归真永恒，#F5F0E8 主色、#8A9BA8 辅色，清风、青山、无我之相，必有山水/清风。风格：儿童友好的 2.5D 卡通渲染，柔和渐变背景，居中全身像，正面 3/4 视角，无文字。画布：800×1000 竖版，角色主体占 60% 居中偏下。"
"tie_guaili","铁拐李","egg","灵胎初醒","铁拐李 的 灵胎初醒 阶段。外形：巴国隐士。系列：东方神话。阶段基调：灵胎初醒，#4A3A2A 主色、#C4A672 辅色，渺小、独行、破败背景，必有孤灯/破庙。风格：儿童友好的 2.5D 卡通渲染，柔和渐变背景，居中全身像，正面 3/4 视角，无文字。画布：800×1000 竖版，角色主体占 60% 居中偏下。"
"tie_guaili","铁拐李","baby","凡尘砺心","铁拐李 的 凡尘砺心 阶段。外形：弃儒从道。系列：东方神话。阶段基调：凡尘砺心，#5B6B7A 主色、#8A9BA8 辅色，行路、风雨、远山，必有雨/风。风格：儿童友好的 2.5D 卡通渲染，柔和渐变背景，居中全身像，正面 3/4 视角，无文字。画布：800×1000 竖版，角色主体占 60% 居中偏下。"
"tie_guaili","铁拐李","growing","道法初成","铁拐李 的 道法初成 阶段。外形：附身乞丐。系列：东方神话。阶段基调：道法初成，#C44B2A 主色、#E8B84B 辅色，光芒初绽、首胜、昂首，必有光芒/法器。风格：儿童友好的 2.5D 卡通渲染，柔和渐变背景，居中全身像，正面 3/4 视角，无文字。画布：800×1000 竖版，角色主体占 60% 居中偏下。"
"tie_guaili","铁拐李","mature","大劫淬炼","铁拐李 的 大劫淬炼 阶段。外形：混元丹术。系列：东方神话。阶段基调：大劫淬炼，#1A0A0A 主色、#8B1A1A 辅色，碎裂、坠落、血与火，必有火焰/裂痕。风格：儿童友好的 2.5D 卡通渲染，柔和渐变背景，居中全身像，正面 3/4 视角，无文字。画布：800×1000 竖版，角色主体占 60% 居中偏下。"
"tie_guaili","铁拐李","legendary","封神登天","铁拐李 的 封神登天 阶段。外形：葫芦纳天地。系列：东方神话。阶段基调：封神登天，#5B2A8A 主色、#F5D742 辅色，冠冕、宝座、万众仰视，必有冠冕/神位。风格：儿童友好的 2.5D 卡通渲染，柔和渐变背景，居中全身像，正面 3/4 视角，无文字。画布：800×1000 竖版，角色主体占 60% 居中偏下。"
"tie_guaili","铁拐李","transcendent","归真永恒","铁拐李 的 归真永恒 阶段。外形：铁拐大仙。系列：东方神话。阶段基调：归真永恒，#F5F0E8 主色、#8A9BA8 辅色，清风、青山、无我之相，必有山水/清风。风格：儿童友好的 2.5D 卡通渲染，柔和渐变背景，居中全身像，正面 3/4 视角，无文字。画布：800×1000 竖版，角色主体占 60% 居中偏下。"
"han_zhongli","汉钟离","egg","灵胎初醒","汉钟离 的 灵胎初醒 阶段。外形：燕台武将。系列：东方神话。阶段基调：灵胎初醒，#4A3A2A 主色、#C4A672 辅色，渺小、独行、破败背景，必有孤灯/破庙。风格：儿童友好的 2.5D 卡通渲染，柔和渐变背景，居中全身像，正面 3/4 视角，无文字。画布：800×1000 竖版，角色主体占 60% 居中偏下。"
"han_zhongli","汉钟离","baby","凡尘砺心","汉钟离 的 凡尘砺心 阶段。外形：弃武修道。系列：东方神话。阶段基调：凡尘砺心，#5B6B7A 主色、#8A9BA8 辅色，行路、风雨、远山，必有雨/风。风格：儿童友好的 2.5D 卡通渲染，柔和渐变背景，居中全身像，正面 3/4 视角，无文字。画布：800×1000 竖版，角色主体占 60% 居中偏下。"
"han_zhongli","汉钟离","growing","道法初成","汉钟离 的 道法初成 阶段。外形：芭蕉扇。系列：东方神话。阶段基调：道法初成，#C44B2A 主色、#E8B84B 辅色，光芒初绽、首胜、昂首，必有光芒/法器。风格：儿童友好的 2.5D 卡通渲染，柔和渐变背景，居中全身像，正面 3/4 视角，无文字。画布：800×1000 竖版，角色主体占 60% 居中偏下。"
"han_zhongli","汉钟离","mature","大劫淬炼","汉钟离 的 大劫淬炼 阶段。外形：炎龙召唤。系列：东方神话。阶段基调：大劫淬炼，#1A0A0A 主色、#8B1A1A 辅色，碎裂、坠落、血与火，必有火焰/裂痕。风格：儿童友好的 2.5D 卡通渲染，柔和渐变背景，居中全身像，正面 3/4 视角，无文字。画布：800×1000 竖版，角色主体占 60% 居中偏下。"
"han_zhongli","汉钟离","legendary","封神登天","汉钟离 的 封神登天 阶段。外形：赤阳神功。系列：东方神话。阶段基调：封神登天，#5B2A8A 主色、#F5D742 辅色，冠冕、宝座、万众仰视，必有冠冕/神位。风格：儿童友好的 2.5D 卡通渲染，柔和渐变背景，居中全身像，正面 3/4 视角，无文字。画布：800×1000 竖版，角色主体占 60% 居中偏下。"
"han_zhongli","汉钟离","transcendent","归真永恒","汉钟离 的 归真永恒 阶段。外形：正阳帝君。系列：东方神话。阶段基调：归真永恒，#F5F0E8 主色、#8A9BA8 辅色，清风、青山、无我之相，必有山水/清风。风格：儿童友好的 2.5D 卡通渲染，柔和渐变背景，居中全身像，正面 3/4 视角，无文字。画布：800×1000 竖版，角色主体占 60% 居中偏下。"
"lan_caihe","蓝采和","egg","灵胎初醒","蓝采和 的 灵胎初醒 阶段。外形：濠梁乐童。系列：东方神话。阶段基调：灵胎初醒，#4A3A2A 主色、#C4A672 辅色，渺小、独行、破败背景，必有孤灯/破庙。风格：儿童友好的 2.5D 卡通渲染，柔和渐变背景，居中全身像，正面 3/4 视角，无文字。画布：800×1000 竖版，角色主体占 60% 居中偏下。"
"lan_caihe","蓝采和","baby","凡尘砺心","蓝采和 的 凡尘砺心 阶段。外形：歌中有道。系列：东方神话。阶段基调：凡尘砺心，#5B6B7A 主色、#8A9BA8 辅色，行路、风雨、远山，必有雨/风。风格：儿童友好的 2.5D 卡通渲染，柔和渐变背景，居中全身像，正面 3/4 视角，无文字。画布：800×1000 竖版，角色主体占 60% 居中偏下。"
"lan_caihe","蓝采和","growing","道法初成","蓝采和 的 道法初成 阶段。外形：踏歌仙人。系列：东方神话。阶段基调：道法初成，#C44B2A 主色、#E8B84B 辅色，光芒初绽、首胜、昂首，必有光芒/法器。风格：儿童友好的 2.5D 卡通渲染，柔和渐变背景，居中全身像，正面 3/4 视角，无文字。画布：800×1000 竖版，角色主体占 60% 居中偏下。"
"lan_caihe","蓝采和","mature","大劫淬炼","蓝采和 的 大劫淬炼 阶段。外形：踏歌成阵。系列：东方神话。阶段基调：大劫淬炼，#1A0A0A 主色、#8B1A1A 辅色，碎裂、坠落、血与火，必有火焰/裂痕。风格：儿童友好的 2.5D 卡通渲染，柔和渐变背景，居中全身像，正面 3/4 视角，无文字。画布：800×1000 竖版，角色主体占 60% 居中偏下。"
"lan_caihe","蓝采和","legendary","封神登天","蓝采和 的 封神登天 阶段。外形：九天玄音。系列：东方神话。阶段基调：封神登天，#5B2A8A 主色、#F5D742 辅色，冠冕、宝座、万众仰视，必有冠冕/神位。风格：儿童友好的 2.5D 卡通渲染，柔和渐变背景，居中全身像，正面 3/4 视角，无文字。画布：800×1000 竖版，角色主体占 60% 居中偏下。"
"lan_caihe","蓝采和","transcendent","归真永恒","蓝采和 的 归真永恒 阶段。外形：濠梁仙翁。系列：东方神话。阶段基调：归真永恒，#F5F0E8 主色、#8A9BA8 辅色，清风、青山、无我之相，必有山水/清风。风格：儿童友好的 2.5D 卡通渲染，柔和渐变背景，居中全身像，正面 3/4 视角，无文字。画布：800×1000 竖版，角色主体占 60% 居中偏下。"
"cao_guojiu","曹国舅","egg","灵胎初醒","曹国舅 的 灵胎初醒 阶段。外形：锦绣公子。系列：东方神话。阶段基调：灵胎初醒，#4A3A2A 主色、#C4A672 辅色，渺小、独行、破败背景，必有孤灯/破庙。风格：儿童友好的 2.5D 卡通渲染，柔和渐变背景，居中全身像，正面 3/4 视角，无文字。画布：800×1000 竖版，角色主体占 60% 居中偏下。"
"cao_guojiu","曹国舅","baby","凡尘砺心","曹国舅 的 凡尘砺心 阶段。外形：青布道袍。系列：东方神话。阶段基调：凡尘砺心，#5B6B7A 主色、#8A9BA8 辅色，行路、风雨、远山，必有雨/风。风格：儿童友好的 2.5D 卡通渲染，柔和渐变背景，居中全身像，正面 3/4 视角，无文字。画布：800×1000 竖版，角色主体占 60% 居中偏下。"
"cao_guojiu","曹国舅","growing","道法初成","曹国舅 的 道法初成 阶段。外形：玉磬仙人。系列：东方神话。阶段基调：道法初成，#C44B2A 主色、#E8B84B 辅色，光芒初绽、首胜、昂首，必有光芒/法器。风格：儿童友好的 2.5D 卡通渲染，柔和渐变背景，居中全身像，正面 3/4 视角，无文字。画布：800×1000 竖版，角色主体占 60% 居中偏下。"
"cao_guojiu","曹国舅","mature","大劫淬炼","曹国舅 的 大劫淬炼 阶段。外形：礼乐大道。系列：东方神话。阶段基调：大劫淬炼，#1A0A0A 主色、#8B1A1A 辅色，碎裂、坠落、血与火，必有火焰/裂痕。风格：儿童友好的 2.5D 卡通渲染，柔和渐变背景，居中全身像，正面 3/4 视角，无文字。画布：800×1000 竖版，角色主体占 60% 居中偏下。"
"cao_guojiu","曹国舅","legendary","封神登天","曹国舅 的 封神登天 阶段。外形：九天神音。系列：东方神话。阶段基调：封神登天，#5B2A8A 主色、#F5D742 辅色，冠冕、宝座、万众仰视，必有冠冕/神位。风格：儿童友好的 2.5D 卡通渲染，柔和渐变背景，居中全身像，正面 3/4 视角，无文字。画布：800×1000 竖版，角色主体占 60% 居中偏下。"
"cao_guojiu","曹国舅","transcendent","归真永恒","曹国舅 的 归真永恒 阶段。外形：国舅真仙。系列：东方神话。阶段基调：归真永恒，#F5F0E8 主色、#8A9BA8 辅色，清风、青山、无我之相，必有山水/清风。风格：儿童友好的 2.5D 卡通渲染，柔和渐变背景，居中全身像，正面 3/4 视角，无文字。画布：800×1000 竖版，角色主体占 60% 居中偏下。"
"taishang_laojun","太上老君","egg","灵胎初醒","太上老君 的 灵胎初醒 阶段。外形：上古真人。系列：东方神话。阶段基调：灵胎初醒，#4A3A2A 主色、#C4A672 辅色，渺小、独行、破败背景，必有孤灯/破庙。风格：儿童友好的 2.5D 卡通渲染，柔和渐变背景，居中全身像，正面 3/4 视角，无文字。画布：800×1000 竖版，角色主体占 60% 居中偏下。"
"taishang_laojun","太上老君","baby","凡尘砺心","太上老君 的 凡尘砺心 阶段。外形：紫气东来。系列：东方神话。阶段基调：凡尘砺心，#5B6B7A 主色、#8A9BA8 辅色，行路、风雨、远山，必有雨/风。风格：儿童友好的 2.5D 卡通渲染，柔和渐变背景，居中全身像，正面 3/4 视角，无文字。画布：800×1000 竖版，角色主体占 60% 居中偏下。"
"taishang_laojun","太上老君","growing","道法初成","太上老君 的 道法初成 阶段。外形：八卦炉。系列：东方神话。阶段基调：道法初成，#C44B2A 主色、#E8B84B 辅色，光芒初绽、首胜、昂首，必有光芒/法器。风格：儿童友好的 2.5D 卡通渲染，柔和渐变背景，居中全身像，正面 3/4 视角，无文字。画布：800×1000 竖版，角色主体占 60% 居中偏下。"
"taishang_laojun","太上老君","mature","大劫淬炼","太上老君 的 大劫淬炼 阶段。外形：西游护法。系列：东方神话。阶段基调：大劫淬炼，#1A0A0A 主色、#8B1A1A 辅色，碎裂、坠落、血与火，必有火焰/裂痕。风格：儿童友好的 2.5D 卡通渲染，柔和渐变背景，居中全身像，正面 3/4 视角，无文字。画布：800×1000 竖版，角色主体占 60% 居中偏下。"
"taishang_laojun","太上老君","legendary","封神登天","太上老君 的 封神登天 阶段。外形：道德天尊。系列：东方神话。阶段基调：封神登天，#5B2A8A 主色、#F5D742 辅色，冠冕、宝座、万众仰视，必有冠冕/神位。风格：儿童友好的 2.5D 卡通渲染，柔和渐变背景，居中全身像，正面 3/4 视角，无文字。画布：800×1000 竖版，角色主体占 60% 居中偏下。"
"taishang_laojun","太上老君","transcendent","归真永恒","太上老君 的 归真永恒 阶段。外形：三清合一。系列：东方神话。阶段基调：归真永恒，#F5F0E8 主色、#8A9BA8 辅色，清风、青山、无我之相，必有山水/清风。风格：儿童友好的 2.5D 卡通渲染，柔和渐变背景，居中全身像，正面 3/4 视角，无文字。画布：800×1000 竖版，角色主体占 60% 居中偏下。"
"zhong_kui","钟馗","egg","灵胎初醒","钟馗 的 灵胎初醒 阶段。外形：终南寒窗。系列：东方神话。阶段基调：灵胎初醒，#4A3A2A 主色、#C4A672 辅色，渺小、独行、破败背景，必有孤灯/破庙。风格：儿童友好的 2.5D 卡通渲染，柔和渐变背景，居中全身像，正面 3/4 视角，无文字。画布：800×1000 竖版，角色主体占 60% 居中偏下。"
"zhong_kui","钟馗","baby","凡尘砺心","钟馗 的 凡尘砺心 阶段。外形：触阶而亡。系列：东方神话。阶段基调：凡尘砺心，#5B6B7A 主色、#8A9BA8 辅色，行路、风雨、远山，必有雨/风。风格：儿童友好的 2.5D 卡通渲染，柔和渐变背景，居中全身像，正面 3/4 视角，无文字。画布：800×1000 竖版，角色主体占 60% 居中偏下。"
"zhong_kui","钟馗","growing","道法初成","钟馗 的 道法初成 阶段。外形：地府扬名。系列：东方神话。阶段基调：道法初成，#C44B2A 主色、#E8B84B 辅色，光芒初绽、首胜、昂首，必有光芒/法器。风格：儿童友好的 2.5D 卡通渲染，柔和渐变背景，居中全身像，正面 3/4 视角，无文字。画布：800×1000 竖版，角色主体占 60% 居中偏下。"
"zhong_kui","钟馗","mature","大劫淬炼","钟馗 的 大劫淬炼 阶段。外形：驱鬼之王。系列：东方神话。阶段基调：大劫淬炼，#1A0A0A 主色、#8B1A1A 辅色，碎裂、坠落、血与火，必有火焰/裂痕。风格：儿童友好的 2.5D 卡通渲染，柔和渐变背景，居中全身像，正面 3/4 视角，无文字。画布：800×1000 竖版，角色主体占 60% 居中偏下。"
"zhong_kui","钟馗","legendary","封神登天","钟馗 的 封神登天 阶段。外形：五方鬼卒。系列：东方神话。阶段基调：封神登天，#5B2A8A 主色、#F5D742 辅色，冠冕、宝座、万众仰视，必有冠冕/神位。风格：儿童友好的 2.5D 卡通渲染，柔和渐变背景，居中全身像，正面 3/4 视角，无文字。画布：800×1000 竖版，角色主体占 60% 居中偏下。"
"zhong_kui","钟馗","transcendent","归真永恒","钟馗 的 归真永恒 阶段。外形：驱魔真君。系列：东方神话。阶段基调：归真永恒，#F5F0E8 主色、#8A9BA8 辅色，清风、青山、无我之相，必有山水/清风。风格：儿童友好的 2.5D 卡通渲染，柔和渐变背景，居中全身像，正面 3/4 视角，无文字。画布：800×1000 竖版，角色主体占 60% 居中偏下。"